{
  "name": "Acorn Cap",
  "sprite": "Acorn Cap.png",
  "shape": [
    "X"
  ],
  "rarity": "Common",
  "type": [
    "Shield",
    "Carving"
  ],
  "group": [
    "Shield"
  ],
  "supported_characters": [
    "Tote"
  ],
  "movable": {
    "area": "board"
  },
  "combat_effects": [
    {
      "trigger": "onSummonCarving",
      "type": "Block",
      "value": 8,
      "target": "player"
    }
  ],
  "item_status_effects": [
    {
      "type": "canBeForged",
      "value": 1,
      "length": "permanent"
    }
  ],
  "carving": {
    "summon_costs": {
      "energy": 0
    }
  }
}