{
  "name": "Active Gear",
  "sprite": "Active Gear.png",
  "shape": [
    "X"
  ],
  "rarity": "Legendary",
  "type": [
    "Gear"
  ],
  "supported_characters": [
    "CR8"
  ],
  "use_costs": {
    "energy": 1
  },
  "animation": "Block",
  "modifiers": [
    {
      "trigger": "onRotate",
      "mod_area": [
        "topRotational"
      ],
      "effects": [
        {
          "type": "Activate",
          "value": 2
        }
      ],
      "mod_distance": "closest",
      "stackable": false,
      "description": "The item this points to is used"
    }
  ],
  "movement_effects": [
    {
      "trigger": "onUse",
      "affected_area": [
        "self",
        "connectedViaType"
      ],
      "rotation": -1.0,
      "movement_type": "global",
      "movement_length": "oneSpace",
      "description": "All connected gears rotate"
    }
  ]
}