{
  "name": "Aged Shield",
  "sprite": "Aged Shield.png",
  "shape": [
    "XX",
    "X-"
  ],
  "rarity": "Common",
  "type": [
    "Shield"
  ],
  "supported_characters": [
    "Purse",
    "Satchel",
    "CR8",
    "Pochette"
  ],
  "use_costs": {
    "energy": 1
  },
  "animation": "Block",
  "combat_effects": [
    {
      "trigger": "onUse",
      "type": "Block",
      "value": 10,
      "target": "player"
    }
  ],
  "modifiers": [
    {
      "trigger": "onUse",
      "effects": [
        {
          "type": "ItemStatusEffect",
          "value": 1,
          "item_status_effects": [
            {
              "type": "AddToEnergyCost",
              "value": 1,
              "length": "turns"
            }
          ]
        }
      ],
      "length": "forTurn"
    }
  ],
  "item_status_effects": [
    {
      "type": "canBeForged",
      "value": 1,
      "length": "permanent"
    }
  ]
}