{
  "name": "Apprentice Staff",
  "sprite": "Apprentice Staff.png",
  "shape": [
    "X",
    "X",
    "X"
  ],
  "rarity": "Common",
  "type": [
    "Magic",
    "Wand",
    "Melee",
    "Weapon"
  ],
  "group": [
    "Magic",
    "Melee"
  ],
  "supported_characters": [
    "Purse",
    "Satchel",
    "CR8",
    "Pochette"
  ],
  "use_costs": {
    "energy": 1
  },
  "animation": "Attack",
  "combat_effects": [
    {
      "trigger": "onUse",
      "type": "Damage",
      "value": 6,
      "target": "enemy"
    },
    {
      "trigger": "onFirstUse",
      "type": "Mana",
      "value": 1
    }
  ],
  "item_status_effects": [
    {
      "type": "canBeForged",
      "value": 1,
      "length": "permanent"
    },
    {
      "type": "conductive",
      "value": 1,
      "length": "permanent"
    }
  ]
}