{
  "name": "Archer's Wand",
  "sprite": "Archer's Wand.png",
  "shape": [
    "-X",
    "X-"
  ],
  "flavor": "Frog wizards created this item",
  "rarity": "Rare",
  "type": [
    "Magic",
    "Wand"
  ],
  "group": [
    "Archery",
    "Magic"
  ],
  "supported_characters": [
    "Purse",
    "Satchel"
  ],
  "use_costs": {
    "mana": 1
  },
  "create_effects": [
    {
      "trigger": "onUse",
      "create_type": "set",
      "create_areas": [
        "column"
      ],
      "create_items": [
        {
          "BaseGameExport": "ETHEREAL ARROW"
        }
      ],
      "create_rarities": [
        "Common",
        "Uncommon",
        "Rare",
        "Legendary"
      ],
      "description": "Creates an Ethereal Arrow in this column"
    }
  ],
  "item_status_effects": [
    {
      "type": "conductive",
      "value": 0,
      "length": "permanent"
    }
  ]
}