{
  "name": "Bag Of Shurikens",
  "sprite": "Bag Of Shurikens.png",
  "shape": [
    "X"
  ],
  "rarity": "Uncommon",
  "type": [
    "Accessory"
  ],
  "group": [
    "Shuriken"
  ],
  "supported_characters": [
    "Purse",
    "Satchel"
  ],
  "create_effects": [
    {
      "trigger": "onCombatEnd",
      "create_type": "byType",
      "create_areas": [
        "board"
      ],
      "create_types": [
        "Shuriken"
      ],
      "create_rarities": [
        "Common",
        "Uncommon",
        "Rare",
        "Legendary"
      ],
      "description": "Creates a shuriken"
    }
  ]
}