{
  "name": "Ball Of Yarn",
  "sprite": "Ball Of Yarn.png",
  "shape": [
    "XX"
  ],
  "rarity": "Rare",
  "type": [
    "Accessory",
    "Treat"
  ],
  "supported_characters": [
    "Pochette"
  ],
  "modifiers": [
    {
      "trigger": "onUse",
      "trigger_on_type": [
        "Shield"
      ],
      "trigger_area": [
        "adjacent"
      ],
      "effects": [
        {
          "type": "Damage",
          "value": 1
        }
      ],
      "length": "forTurn"
    }
  ]
}