{
  "name": "Barbell",
  "sprite": "Barbell.png",
  "shape": [
    "XX"
  ],
  "rarity": "Legendary",
  "type": [
    "Relic"
  ],
  "supported_characters": [
    "Purse",
    "Satchel",
    "CR8",
    "Pochette"
  ],
  "animation": "Attack",
  "modifiers": [
    {
      "trigger": "onTakeDamage",
      "effects": [
        {
          "type": "ItemStatusEffect",
          "value": 1,
          "item_status_effects": [
            {
              "type": "disabled",
              "value": 1,
              "length": "turns"
            }
          ]
        }
      ],
      "stackable": false
    }
  ],
  "item_status_effects": [
    {
      "type": "heavy",
      "value": 0,
      "length": "permanent"
    },
    {
      "type": "takingDamageDoesStartOfTurnEffects",
      "value": 0,
      "length": "permanent"
    }
  ]
}