{
  "name": "Bayou Club",
  "sprite": "Bayou Club.png",
  "shape": [
    "X",
    "X"
  ],
  "rarity": "Uncommon",
  "type": [
    "Melee",
    "Weapon",
    "Carving"
  ],
  "supported_characters": [
    "Tote"
  ],
  "use_costs": {
    "energy": 1
  },
  "animation": "Attack",
  "movable": {
    "area": "board"
  },
  "combat_effects": [
    {
      "trigger": "onUse",
      "type": "Damage",
      "value": 8,
      "target": "enemy"
    },
    {
      "trigger": "onUse",
      "type": "Weak",
      "value": 2,
      "target": "enemy"
    }
  ],
  "modifiers": [
    {
      "trigger": "onTurnStart",
      "effects": [
        {
          "type": "DiscardCarving",
          "value": 1
        }
      ],
      "length": "forTurn"
    }
  ],
  "item_status_effects": [
    {
      "type": "canBeForged",
      "value": 1,
      "length": "permanent"
    }
  ],
  "carving": {
    "summon_costs": {
      "energy": 0
    }
  }
}