{
  "name": "Bee Sting Blade",
  "sprite": "Bee Sting Blade.png",
  "shape": [
    "X",
    "X",
    "X"
  ],
  "rarity": "Uncommon",
  "type": [
    "Melee",
    "Weapon"
  ],
  "supported_characters": [
    "Purse",
    "Satchel",
    "CR8",
    "Pochette"
  ],
  "use_costs": {
    "energy": 1
  },
  "use_limits": {
    "perTurn": 1
  },
  "animation": "Attack",
  "combat_effects": [
    {
      "trigger": "onUse",
      "type": "Damage",
      "value": 10,
      "target": "enemy"
    }
  ],
  "modifiers": [
    {
      "trigger": "onUse",
      "trigger_area": [
        "column"
      ],
      "effects": [
        {
          "type": "resetUsesPerTurn"
        }
      ],
      "stackable": false
    }
  ]
}