{
  "name": "Berserker's Club",
  "sprite": "Berserker's Club.png",
  "shape": [
    "-X",
    "-X",
    "X-"
  ],
  "rarity": "Uncommon",
  "type": [
    "Melee",
    "Weapon"
  ],
  "supported_characters": [
    "Purse",
    "Satchel",
    "CR8"
  ],
  "use_costs": {
    "energy": 0
  },
  "animation": "Attack",
  "combat_effects": [
    {
      "trigger": "onUse",
      "type": "Damage",
      "value": 10,
      "target": "enemy"
    },
    {
      "trigger": "onUse",
      "type": "Damage",
      "value": 2,
      "target": "player"
    }
  ],
  "modifiers": [
    {
      "trigger": "onUse",
      "effects": [
        {
          "type": "Damage",
          "value": -2,
          "target": "enemy"
        }
      ],
      "length": "forTurn"
    },
    {
      "trigger": "onUse",
      "effects": [
        {
          "type": "Damage",
          "value": 1,
          "target": "player"
        }
      ],
      "length": "forTurn"
    }
  ]
}