{
  "name": "Blade Summoner",
  "sprite": "Blade Summoner.png",
  "shape": [
    "X",
    "X",
    "X"
  ],
  "rarity": "Legendary",
  "type": [
    "Magic",
    "Wand"
  ],
  "group": [
    "Magic"
  ],
  "supported_characters": [
    "Purse",
    "Satchel",
    "CR8",
    "Pochette"
  ],
  "use_costs": {
    "mana": 1
  },
  "create_effects": [
    {
      "trigger": "onUse",
      "create_type": "replace",
      "create_areas": [],
      "create_items": [
        {
          "BaseGameExport": "ETHEREAL BLADE"
        }
      ],
      "create_rarities": [
        "Common",
        "Uncommon",
        "Rare",
        "Legendary"
      ],
      "description": "Replaced by an Ethereal Blade"
    }
  ],
  "modifiers": [
    {
      "trigger": "useEarly",
      "effects": [
        {
          "type": "Destroy"
        }
      ],
      "stackable": false
    }
  ],
  "item_status_effects": [
    {
      "type": "conductive",
      "value": 0,
      "length": "permanent"
    }
  ]
}