{
  "name": "Blessing",
  "sprite": "Blessing.png",
  "shape": [
    "X"
  ],
  "rarity": "Common",
  "type": [
    "Blessing"
  ],
  "modifiers": [
    {
      "trigger": "constant",
      "mod_area": [
        "adjacent"
      ],
      "effects": [
        {
          "type": "Damage",
          "value": 1
        }
      ],
      "mod_types": [
        "Weapon"
      ],
      "stackable": false
    }
  ],
  "item_status_effects": [
    {
      "type": "cantBeSold",
      "value": 0,
      "length": "permanent"
    },
    {
      "type": "canBePlayedOverOtherItems",
      "value": 0,
      "length": "permanent"
    }
  ]
}