{
  "name": "Blessed Pig",
  "sprite": "Blessed Pig.png",
  "shape": [
    "X"
  ],
  "flavor": "That's some pig!",
  "rarity": "Rare",
  "type": [
    "Accessory"
  ],
  "supported_characters": [
    "Purse",
    "Satchel",
    "CR8",
    "Pochette"
  ],
  "use_costs": {
    "gold": 3
  },
  "create_effects": [
    {
      "trigger": "onUse",
      "create_type": "createBlessing",
      "create_areas": [
        "board"
      ],
      "create_rarities": [
        "Common",
        "Uncommon",
        "Rare",
        "Legendary"
      ],
      "description": "Creates a blessing"
    }
  ]
}