{
  "name": "Blood Wand",
  "sprite": "Blood Wand.png",
  "shape": [
    "-X",
    "X-"
  ],
  "rarity": "Common",
  "type": [
    "Magic",
    "Wand",
    "Weapon",
    "Curse"
  ],
  "supported_characters": [
    "Purse",
    "Satchel",
    "CR8",
    "Pochette"
  ],
  "use_costs": {
    "mana": 1
  },
  "animation": "Attack",
  "combat_effects": [
    {
      "trigger": "onUse",
      "type": "Damage",
      "value": 7,
      "target": "enemy"
    }
  ],
  "modifiers": [
    {
      "trigger": "onCombatStart",
      "mod_area": [
        "connected"
      ],
      "effects": [
        {
          "type": "ItemStatusEffect",
          "value": 1,
          "item_status_effects": [
            {
              "type": "disabled",
              "value": 1,
              "length": "turns"
            }
          ]
        }
      ],
      "mod_types": [
        "ManaStone"
      ],
      "stackable": false
    }
  ],
  "item_status_effects": [
    {
      "type": "cantBeSold",
      "value": 0,
      "length": "permanent"
    },
    {
      "type": "conductive",
      "value": 0,
      "length": "permanent"
    },
    {
      "type": "projectile",
      "value": 0,
      "length": "permanent"
    }
  ]
}