{
  "name": "Bolas",
  "sprite": "Bolas.png",
  "shape": [
    "X"
  ],
  "rarity": "Common",
  "type": [
    "Consumable",
    "Weapon"
  ],
  "supported_characters": [
    "Pochette"
  ],
  "use_costs": {
    "energy": 0
  },
  "animation": "Attack",
  "combat_effects": [
    {
      "trigger": "onUse",
      "type": "Sleep",
      "value": 1,
      "target": "enemy"
    }
  ],
  "modifiers": [
    {
      "trigger": "onUse",
      "effects": [
        {
          "type": "Destroy"
        }
      ],
      "stackable": false
    }
  ]
}