{
  "name": "Bramble",
  "sprite": "Bramble.png",
  "shape": [
    "-X",
    "X-"
  ],
  "flavor": "Poison oozes from these thick brambles",
  "rarity": "Common",
  "type": [
    "Consumable"
  ],
  "group": [
    "Poison"
  ],
  "supported_characters": [
    "Purse",
    "Satchel",
    "CR8",
    "Pochette"
  ],
  "found_in": [
    "EnchantedSwamp"
  ],
  "use_costs": {
    "energy": 0
  },
  "combat_effects": [
    {
      "trigger": "onUse",
      "type": "Poison",
      "value": 10,
      "target": "allEnemies"
    },
    {
      "trigger": "onUse",
      "type": "Poison",
      "value": 3,
      "target": "player"
    }
  ],
  "modifiers": [
    {
      "trigger": "onUse",
      "effects": [
        {
          "type": "Destroy"
        }
      ],
      "stackable": false
    }
  ]
}