{
  "name": "Brass Knuckles",
  "sprite": "Brass Knuckles.png",
  "shape": [
    "X"
  ],
  "rarity": "Rare",
  "type": [
    "Accessory"
  ],
  "supported_characters": [
    "Purse",
    "Pochette"
  ],
  "animation": "Attack",
  "combat_effects": [
    {
      "trigger": "constant",
      "type": "AddDamageToScratch",
      "value": 1
    }
  ],
  "modifiers": [
    {
      "trigger": "constant",
      "trigger_on_type": [
        "Ring"
      ],
      "trigger_area": [
        "adjacent",
        "diagonal"
      ],
      "effects": [
        {
          "type": "AddDamageToScratch",
          "value": 2
        }
      ]
    }
  ]
}