{
  "name": "Broken Ring",
  "sprite": "Broken Ring.png",
  "shape": [
    "X"
  ],
  "flavor": "Ancient magicians found protection with this ring on hand",
  "rarity": "Uncommon",
  "type": [
    "Magic",
    "Ring",
    "Accessory"
  ],
  "group": [
    "Magic"
  ],
  "supported_characters": [
    "Purse",
    "Satchel",
    "CR8",
    "Pochette"
  ],
  "use_costs": {
    "mana": 1
  },
  "combat_effects": [
    {
      "trigger": "onUse",
      "type": "Block",
      "value": 4,
      "target": "player"
    }
  ],
  "item_status_effects": [
    {
      "type": "conductive",
      "value": 0,
      "length": "permanent"
    },
    {
      "type": "canBeForged",
      "value": 1,
      "length": "permanent"
    }
  ]
}