{
  "name": "Cap",
  "sprite": "Cap.png",
  "shape": [
    "X"
  ],
  "rarity": "Uncommon",
  "type": [
    "Helmet",
    "Armor"
  ],
  "group": [
    "Magic"
  ],
  "supported_characters": [
    "Purse",
    "Satchel",
    "CR8",
    "Pochette"
  ],
  "animation": "Attack",
  "combat_effects": [
    {
      "trigger": "onTurnStart",
      "type": "Block",
      "target": "player"
    }
  ],
  "modifiers": [
    {
      "trigger": "constant",
      "trigger_on_type": [
        "Grid"
      ],
      "trigger_area": [
        "bottom"
      ],
      "effects": [
        {
          "type": "Block",
          "value": 0.5
        }
      ]
    },
    {
      "trigger": "constant",
      "mod_area": [
        "column"
      ],
      "effects": [
        {
          "type": "Damage",
          "value": 1
        }
      ],
      "mod_types": [
        "Wand"
      ]
    }
  ],
  "item_status_effects": [
    {
      "type": "canBeForged",
      "value": 1,
      "length": "permanent"
    }
  ]
}