{
  "name": "Carving Cyler",
  "sprite": "Carving Cyler.png",
  "shape": [
    "X"
  ],
  "rarity": "Legendary",
  "type": [
    "Carving"
  ],
  "supported_characters": [
    "Tote"
  ],
  "animation": "Attack",
  "movable": {
    "area": "board"
  },
  "combat_effects": [
    {
      "trigger": "onSummonCarving",
      "type": "AP",
      "target": "player"
    }
  ],
  "modifiers": [
    {
      "trigger": "constant",
      "trigger_on_type": [
        "Carving"
      ],
      "trigger_area": [
        "adjacent"
      ],
      "effects": [
        {
          "type": "AP",
          "value": 1
        }
      ]
    },
    {
      "trigger": "onSummonCarvingLate",
      "mod_area": [
        "adjacent"
      ],
      "effects": [
        {
          "type": "DiscardCarving"
        }
      ],
      "mod_types": [
        "Carving"
      ],
      "stackable": false
    },
    {
      "trigger": "onSummonCarvingLate",
      "effects": [
        {
          "type": "BanishCarving"
        }
      ],
      "stackable": false
    }
  ],
  "carving": {
    "summon_costs": {
      "energy": 0
    }
  }
}