{
  "name": "Catapault",
  "sprite": "Catapault.png",
  "shape": [
    "XX"
  ],
  "rarity": "Uncommon",
  "type": [
    "Structure",
    "Weapon"
  ],
  "use_costs": {
    "energy": 1
  },
  "combat_effects": [
    {
      "trigger": "onUse",
      "type": "Damage",
      "target": "allEnemies"
    }
  ],
  "modifiers": [
    {
      "trigger": "constant",
      "trigger_on_type": [
        "Hazard"
      ],
      "trigger_area": [
        "adjacent",
        "diagonal"
      ],
      "effects": [
        {
          "type": "Damage",
          "value": 3
        }
      ]
    },
    {
      "trigger": "useLate",
      "mod_area": [
        "adjacent",
        "diagonal"
      ],
      "effects": [
        {
          "type": "Destroy",
          "value": 1
        }
      ],
      "mod_types": [
        "Hazard"
      ]
    }
  ],
  "item_status_effects": [
    {
      "type": "projectile",
      "value": 0,
      "length": "permanent"
    }
  ]
}