{
  "name": "Chainmail",
  "sprite": "Chainmail.png",
  "shape": [
    "XX",
    "XX"
  ],
  "rarity": "Uncommon",
  "type": [
    "Clothing",
    "Armor"
  ],
  "supported_characters": [
    "Purse",
    "Satchel",
    "CR8",
    "Pochette"
  ],
  "animation": "Attack",
  "combat_effects": [
    {
      "trigger": "onTurnStart",
      "type": "Block",
      "value": 5,
      "target": "player"
    }
  ],
  "modifiers": [
    {
      "trigger": "onDestroy",
      "trigger_area": [
        "adjacent"
      ],
      "effects": [
        {
          "type": "Block",
          "value": 2
        }
      ],
      "length": "forCombat"
    }
  ],
  "item_status_effects": [
    {
      "type": "canBeForged",
      "value": 2,
      "length": "permanent"
    }
  ]
}