{
  "name": "Charmed Bracelet",
  "sprite": "Charmed Bracelet.png",
  "shape": [
    "X"
  ],
  "flavor": "Exchange your lifeforce to remove a curse",
  "rarity": "Uncommon",
  "type": [
    "Accessory"
  ],
  "group": [
    "Cursed"
  ],
  "supported_characters": [
    "Purse",
    "Satchel",
    "CR8",
    "Pochette"
  ],
  "use_costs": {
    "energy": 0
  },
  "combat_effects": [
    {
      "trigger": "onUse",
      "type": "HP",
      "value": -5,
      "target": "player"
    }
  ],
  "modifiers": [
    {
      "trigger": "onUse",
      "mod_area": [
        "adjacent"
      ],
      "effects": [
        {
          "type": "Destroy"
        }
      ],
      "mod_types": [
        "Curse"
      ],
      "stackable": false
    }
  ],
  "item_status_effects": [
    {
      "type": "conductive",
      "value": 0,
      "length": "permanent"
    }
  ]
}