{
  "name": "Cherry Bomb",
  "sprite": "Cherry Bomb.png",
  "shape": [
    "XX"
  ],
  "rarity": "Uncommon",
  "type": [
    "Weapon",
    "Carving"
  ],
  "supported_characters": [
    "Tote"
  ],
  "use_costs": {
    "energy": 0
  },
  "movable": {
    "area": "board"
  },
  "combat_effects": [
    {
      "trigger": "onUse",
      "type": "Damage",
      "value": 5,
      "target": "allEnemies"
    }
  ],
  "modifiers": [
    {
      "trigger": "onTurnStart",
      "effects": [
        {
          "type": "Damage",
          "value": 5
        }
      ],
      "length": "forCombat"
    },
    {
      "trigger": "useLate",
      "effects": [
        {
          "type": "BanishCarving",
          "value": 3,
          "math": "mul"
        }
      ],
      "stackable": false
    }
  ],
  "item_status_effects": [
    {
      "type": "canBeForged",
      "value": 1,
      "length": "permanent"
    }
  ],
  "carving": {
    "summon_costs": {
      "energy": 0
    }
  }
}