{
  "name": "Cleansing Bomb",
  "sprite": "Cleansing Bomb.png",
  "shape": [
    "X"
  ],
  "rarity": "Common",
  "type": [
    "Potion",
    "Consumable"
  ],
  "group": [
    "Alchemy"
  ],
  "use_costs": {
    "energy": 0
  },
  "use_limits": {
    "total": 4
  },
  "combat_effects": [
    {
      "trigger": "onUse",
      "type": "AllStatusEffects",
      "value": -1,
      "target": "allEnemies",
      "math": "mul"
    }
  ],
  "modifiers": [
    {
      "trigger": "onOutOfUses",
      "effects": [
        {
          "type": "Destroy"
        }
      ],
      "stackable": false
    }
  ]
}