{
  "name": "Climbing Glove Right",
  "sprite": "Climbing Glove Right.png",
  "shape": [
    "X"
  ],
  "rarity": "Common",
  "type": [
    "Glove",
    "Armor"
  ],
  "supported_characters": [
    "Satchel"
  ],
  "combat_effects": [
    {
      "trigger": "onTurnStart",
      "type": "Block",
      "value": 2,
      "target": "player"
    }
  ],
  "modifiers": [
    {
      "trigger": "constant",
      "effects": [
        {
          "type": "Block",
          "value": {
            "replace_with": "numOfPocketsInArea",
            "check_areas": [
              "left"
            ]
          }
        }
      ]
    }
  ]
}