{
  "name": "Club",
  "sprite": "Club.png",
  "shape": [
    "X",
    "X"
  ],
  "rarity": "Common",
  "type": [
    "Melee",
    "Weapon"
  ],
  "group": [
    "Melee"
  ],
  "supported_characters": [
    "Purse",
    "Satchel",
    "CR8",
    "Pochette"
  ],
  "use_costs": {
    "energy": 1
  },
  "animation": "Attack",
  "combat_effects": [
    {
      "trigger": "onUse",
      "type": "Damage",
      "value": 9,
      "target": "enemy"
    },
    {
      "trigger": "onUse",
      "type": "Weak",
      "value": 3,
      "target": "enemy"
    }
  ],
  "modifiers": [
    {
      "trigger": "onUse",
      "effects": [
        {
          "type": "ItemStatusEffect",
          "value": 1,
          "item_status_effects": [
            {
              "type": "AddToEnergyCost",
              "value": 1,
              "length": "turns"
            }
          ]
        }
      ]
    }
  ],
  "item_status_effects": [
    {
      "type": "canBeForged",
      "value": 1,
      "length": "permanent"
    }
  ]
}