{
  "name": "College Robes",
  "sprite": "College Robes.png",
  "shape": [
    "XX",
    "XX"
  ],
  "rarity": "Rare",
  "type": [
    "Magic",
    "Clothing",
    "Armor"
  ],
  "animation": "Attack",
  "combat_effects": [
    {
      "trigger": "whenManaFlowsThrough",
      "type": "Block",
      "value": 1,
      "target": "player"
    }
  ],
  "item_status_effects": [
    {
      "type": "conductive",
      "value": 0,
      "length": "permanent"
    },
    {
      "type": "canBeForged",
      "value": 2,
      "length": "permanent"
    }
  ]
}