{
  "name": "Conduit",
  "sprite": "Conduit.png",
  "shape": [
    "X",
    "X"
  ],
  "rarity": "Rare",
  "type": [
    "Structure",
    "ManaStone"
  ],
  "group": [
    "Magic",
    "Structure"
  ],
  "supported_characters": [
    "Purse",
    "Satchel",
    "CR8"
  ],
  "animation": "Attack",
  "combat_effects": [
    {
      "trigger": "onTurnStart",
      "type": "Block",
      "target": "player"
    }
  ],
  "modifiers": [
    {
      "trigger": "constant",
      "trigger_on_type": [
        "Structure"
      ],
      "trigger_area": [
        "adjacent"
      ],
      "effects": [
        {
          "type": "Block",
          "value": 1
        }
      ]
    },
    {
      "trigger": "constantExtraEarly",
      "mod_area": [
        "adjacent",
        "diagonal"
      ],
      "effects": [
        {
          "type": "ItemStatusEffect",
          "value": 1,
          "item_status_effects": [
            {
              "apply_immediately": true,
              "type": "conductive",
              "value": 0,
              "length": "whileActive"
            }
          ]
        }
      ],
      "mod_types": [
        "Structure"
      ]
    }
  ],
  "item_status_effects": [
    {
      "type": "heavy",
      "value": 0,
      "length": "permanent"
    },
    {
      "type": "conductive",
      "value": 0,
      "length": "permanent"
    },
    {
      "type": "canBeForged",
      "value": 1,
      "length": "permanent"
    }
  ],
  "manastone": {
    "max_mana": 3
  }
}