{
  "name": "Cordesceptor",
  "sprite": "Cordesceptor.png",
  "shape": [
    "-X",
    "X-"
  ],
  "rarity": "Common",
  "type": [
    "Magic",
    "Weapon",
    "Carving",
    "Curse"
  ],
  "supported_characters": [
    "Tote"
  ],
  "movable": {
    "area": "board"
  },
  "combat_effects": [
    {
      "trigger": "onSummonCarving",
      "type": "Damage",
      "value": 5,
      "target": "allEnemies"
    },
    {
      "trigger": "onTurnStart",
      "type": "Damage",
      "value": 3,
      "target": "player"
    }
  ],
  "modifiers": [
    {
      "trigger": "onUse",
      "trigger_on_type": [
        "Consumable"
      ],
      "trigger_area": [
        "adjacent"
      ],
      "effects": [
        {
          "type": "DiscardCarving"
        }
      ],
      "stackable": false
    }
  ],
  "item_status_effects": [
    {
      "type": "cantBeSold",
      "value": 0,
      "length": "permanent"
    }
  ],
  "carving": {
    "summon_costs": {
      "energy": 0
    }
  }
}