{
  "name": "Corrupted Ring",
  "sprite": "Corrupted Ring.png",
  "shape": [
    "X"
  ],
  "rarity": "Common",
  "type": [
    "Ring",
    "Accessory",
    "Carving",
    "Curse"
  ],
  "supported_characters": [
    "Tote"
  ],
  "movable": {
    "area": "board"
  },
  "combat_effects": [
    {
      "trigger": "whenNotPlayed",
      "type": "Damage",
      "value": 3,
      "target": "player"
    }
  ],
  "item_status_effects": [
    {
      "type": "cantBeSold",
      "value": 0,
      "length": "permanent"
    },
    {
      "type": "conductive",
      "value": 0,
      "length": "permanent"
    }
  ],
  "carving": {
    "summon_costs": {
      "energy": 0
    }
  }
}