{
  "name": "Crisis Ring",
  "sprite": "Crisis Ring.png",
  "shape": [
    "X"
  ],
  "rarity": "Common",
  "type": [
    "Magic",
    "Ring",
    "Accessory"
  ],
  "supported_characters": [
    "Purse",
    "Satchel",
    "CR8",
    "Pochette"
  ],
  "use_costs": {
    "mana": 1
  },
  "modifiers": [
    {
      "trigger": "onUse",
      "mod_area": [
        "adjacent"
      ],
      "effects": [
        {
          "type": "Activate"
        }
      ]
    },
    {
      "trigger": "useLate",
      "mod_area": [
        "adjacent"
      ],
      "effects": [
        {
          "type": "ItemStatusEffect",
          "value": 1,
          "item_status_effects": [
            {
              "type": "disabled",
              "value": 1,
              "length": "combats"
            }
          ]
        }
      ]
    }
  ],
  "item_status_effects": [
    {
      "type": "canBeForged",
      "value": 1,
      "length": "permanent"
    }
  ]
}