{
  "name": "Crossbow",
  "sprite": "Crossbow.png",
  "shape": [
    "X"
  ],
  "flavor": "squirrels prefer the light weight of crossbows",
  "rarity": "Common",
  "type": [
    "Bow"
  ],
  "group": [
    "Archery"
  ],
  "supported_characters": [
    "Purse",
    "Satchel",
    "CR8"
  ],
  "use_costs": {
    "energy": 1
  },
  "animation": "FireArrow",
  "modifiers": [
    {
      "trigger": "onUse",
      "mod_area": [
        "rightRotational"
      ],
      "effects": [
        {
          "type": "Activate"
        }
      ],
      "mod_types": [
        "Arrow"
      ],
      "stackable": false
    },
    {
      "trigger": "constant",
      "mod_area": [
        "rightRotational"
      ],
      "effects": [
        {
          "type": "Damage",
          "value": -0.4,
          "math": "mul"
        }
      ],
      "mod_types": [
        "Arrow"
      ],
      "stackable": false
    }
  ],
  "item_status_effects": [
    {
      "type": "canBeForged",
      "value": 3,
      "length": "permanent"
    }
  ]
}