{
  "name": "Crow Hammer",
  "sprite": "Crow Hammer.png",
  "shape": [
    "X"
  ],
  "flavor": "This song must not cease, as like treasure it controls this world",
  "rarity": "Rare",
  "type": [
    "Hammer",
    "Melee",
    "Weapon"
  ],
  "group": [
    "Hammers"
  ],
  "supported_characters": [
    "Satchel"
  ],
  "use_costs": {
    "energy": 0
  },
  "use_limits": {
    "perTurn": 1
  },
  "animation": "Attack",
  "combat_effects": [
    {
      "trigger": "onUse",
      "type": "Damage",
      "value": 5,
      "target": "enemy"
    },
    {
      "trigger": "onKillNonSummonEnemy",
      "type": "GetGold",
      "target": "player"
    }
  ],
  "modifiers": [
    {
      "trigger": "constant",
      "trigger_on_type": [
        "Hammer"
      ],
      "trigger_area": [
        "oneSpaceOver"
      ],
      "effects": [
        {
          "type": "GetGold",
          "value": 1
        }
      ]
    }
  ],
  "item_status_effects": [
    {
      "type": "canBeForged",
      "value": 1,
      "length": "permanent"
    }
  ]
}