{
  "name": "Crystal Dragonfly",
  "sprite": "Crystal Dragonfly.png",
  "shape": [
    "X"
  ],
  "rarity": "Uncommon",
  "type": [
    "Accessory",
    "Carving"
  ],
  "group": [
    "Melee"
  ],
  "supported_characters": [
    "Tote"
  ],
  "animation": "Attack",
  "movable": {
    "area": "board"
  },
  "modifiers": [
    {
      "trigger": "onMovePast",
      "mod_area": [
        "adjacent"
      ],
      "effects": [
        {
          "type": "Damage",
          "value": 5
        }
      ],
      "mod_types": [
        "Weapon"
      ],
      "length": "forTurn"
    }
  ],
  "movement_effects": [
    {
      "trigger": "onTurnStart",
      "y": 1.0,
      "movement_type": "local",
      "movement_length": "oneSpace"
    },
    {
      "trigger": "onTurnStart",
      "rotation": -1.0,
      "movement_type": "local",
      "movement_length": "untilHit"
    }
  ],
  "carving": {
    "summon_costs": {
      "energy": 0
    }
  }
}