{
  "name": "Crystal Gauntlets",
  "sprite": "Crystal Gauntlets.png",
  "shape": [
    "-X-",
    "XXX"
  ],
  "rarity": "Rare",
  "type": [
    "Gem",
    "Glove",
    "Armor"
  ],
  "supported_characters": [
    "Purse",
    "Satchel",
    "CR8"
  ],
  "animation": "Attack",
  "modifiers": [
    {
      "trigger": "constant",
      "mod_area": [
        "adjacent"
      ],
      "effects": [
        {
          "type": "Damage",
          "value": 3
        }
      ],
      "mod_types": [
        "Melee"
      ],
      "stackable": false
    }
  ]
}