{
  "name": "Cursed Blade",
  "sprite": "Cursed Blade.png",
  "shape": [
    "X",
    "X",
    "X"
  ],
  "flavor": "Many have tried to wield this sword - none have succeeded",
  "rarity": "Rare",
  "type": [
    "Melee",
    "Weapon"
  ],
  "group": [
    "Cursed"
  ],
  "supported_characters": [
    "Purse",
    "Satchel",
    "CR8",
    "Pochette"
  ],
  "use_costs": {
    "energy": 1
  },
  "animation": "Attack",
  "combat_effects": [
    {
      "trigger": "onUse",
      "type": "Damage",
      "value": 8,
      "target": "enemy"
    }
  ],
  "modifiers": [
    {
      "trigger": "constant",
      "trigger_on_type": [
        "Curse"
      ],
      "trigger_area": [
        "adjacent"
      ],
      "effects": [
        {
          "type": "Damage",
          "value": 2
        }
      ]
    }
  ],
  "item_status_effects": [
    {
      "type": "canBeForged",
      "value": 3,
      "length": "permanent"
    }
  ]
}