{
  "name": "Cursed Shiv",
  "sprite": "Cursed Shiv.png",
  "shape": [
    "X"
  ],
  "flavor": "Unspeakably cursed",
  "rarity": "Rare",
  "type": [
    "Melee",
    "Weapon"
  ],
  "group": [
    "Cursed"
  ],
  "supported_characters": [
    "Purse",
    "Satchel",
    "CR8",
    "Pochette"
  ],
  "use_costs": {
    "energy": 0
  },
  "use_limits": {
    "perTurn": 1
  },
  "animation": "Attack",
  "combat_effects": [
    {
      "trigger": "onUse",
      "type": "Damage",
      "value": 5,
      "target": "enemy"
    },
    {
      "trigger": "onKillNonSummonEnemy",
      "type": "Curse",
      "value": 2,
      "target": "player"
    }
  ],
  "item_status_effects": [
    {
      "type": "conductive",
      "value": 0,
      "length": "permanent"
    },
    {
      "type": "canBeForged",
      "value": 3,
      "length": "permanent"
    }
  ]
}