{
  "name": "Cursed Whetstone",
  "sprite": "Cursed Whetstone.png",
  "shape": [
    "X"
  ],
  "rarity": "Rare",
  "type": [
    "Accessory"
  ],
  "group": [
    "Cursed"
  ],
  "supported_characters": [
    "Purse",
    "Satchel",
    "Tote",
    "Pochette"
  ],
  "use_costs": {
    "energy": 1
  },
  "use_limits": {
    "perCombat": 1
  },
  "combat_effects": [
    {
      "trigger": "onUse",
      "type": "Curse",
      "value": 1,
      "target": "player"
    }
  ],
  "modifiers": [
    {
      "trigger": "onUse",
      "mod_area": [
        "adjacent"
      ],
      "effects": [
        {
          "type": "Damage",
          "value": 1,
          "math": "mul"
        }
      ],
      "mod_types": [
        "Weapon"
      ],
      "length": "forCombat"
    }
  ]
}