{
  "name": "Dad's Ring",
  "sprite": "Dad's Ring.png",
  "shape": [
    "X"
  ],
  "rarity": "Rare",
  "type": [
    "Magic",
    "Ring",
    "Accessory"
  ],
  "supported_characters": [
    "Satchel"
  ],
  "use_costs": {
    "mana": 1
  },
  "animation": "Attack",
  "combat_effects": [
    {
      "trigger": "onUse",
      "type": "Block",
      "value": 1,
      "target": "player"
    }
  ],
  "modifiers": [
    {
      "trigger": "constant",
      "trigger_on_type": [
        "Armor"
      ],
      "trigger_area": [
        "inThisPocket"
      ],
      "effects": [
        {
          "type": "Block",
          "value": 3
        }
      ]
    },
    {
      "trigger": "constant",
      "trigger_on_type": [
        "Weapon"
      ],
      "trigger_area": [
        "inThisPocket"
      ],
      "effects": [
        {
          "type": "Block",
          "value": -3
        }
      ]
    }
  ],
  "item_status_effects": [
    {
      "type": "canBeForged",
      "value": 2,
      "length": "permanent"
    }
  ]
}