{
  "name": "Daughter's Blade",
  "sprite": "Daughter's Blade.png",
  "shape": [
    "X",
    "X"
  ],
  "rarity": "Common",
  "type": [
    "Kin",
    "Melee",
    "Weapon",
    "Carving"
  ],
  "group": [
    "Cleavers"
  ],
  "supported_characters": [
    "Tote"
  ],
  "use_costs": {
    "energy": 1
  },
  "animation": "Attack",
  "movable": {
    "area": "board"
  },
  "combat_effects": [
    {
      "trigger": "onSummonCarving",
      "type": "Damage",
      "value": 10,
      "target": "enemy"
    },
    {
      "trigger": "onUse",
      "type": "Damage",
      "value": 3,
      "target": "enemy"
    }
  ],
  "modifiers": [
    {
      "trigger": "onUse",
      "effects": [
        {
          "type": "DiscardCarving"
        }
      ],
      "stackable": false
    }
  ],
  "item_status_effects": [
    {
      "type": "canBeForged",
      "value": 1,
      "length": "permanent"
    }
  ],
  "carving": {
    "summon_costs": {
      "energy": 0
    }
  }
}