{
  "name": "Debuff Potion",
  "sprite": "Debuff Potion.png",
  "shape": [
    "X"
  ],
  "rarity": "Common",
  "type": [
    "Potion",
    "Consumable"
  ],
  "use_costs": {
    "energy": 0
  },
  "animation": "Attack",
  "combat_effects": [
    {
      "trigger": "onUse",
      "type": "Slow",
      "value": 5,
      "target": "allEnemies"
    },
    {
      "trigger": "onUse",
      "type": "Weak",
      "value": 5,
      "target": "allEnemies"
    }
  ],
  "modifiers": [
    {
      "trigger": "onUse",
      "effects": [
        {
          "type": "Destroy"
        }
      ],
      "stackable": false
    }
  ]
}