{
  "name": "Dirt Clump",
  "sprite": "Dirt Clump.png",
  "shape": [
    "XX",
    "XX"
  ],
  "rarity": "Uncommon",
  "type": [
    "Structure",
    "Weapon"
  ],
  "supported_characters": [
    "Purse",
    "Satchel"
  ],
  "use_costs": {
    "energy": 1
  },
  "animation": "FireArrow",
  "combat_effects": [
    {
      "trigger": "onUse",
      "type": "Damage",
      "value": 5,
      "target": "enemy"
    }
  ],
  "modifiers": [
    {
      "trigger": "constant",
      "trigger_on_type": [
        "Structure"
      ],
      "trigger_area": [
        "adjacent",
        "diagonal"
      ],
      "effects": [
        {
          "type": "Damage",
          "value": 2
        }
      ]
    }
  ],
  "item_status_effects": [
    {
      "type": "heavy",
      "value": 0,
      "length": "permanent"
    },
    {
      "type": "projectile",
      "value": 0,
      "length": "permanent"
    }
  ]
}