{
  "name": "Doggie Bag",
  "sprite": "Doggie Bag.png",
  "shape": [
    "XX",
    "XX"
  ],
  "rarity": "Common",
  "type": [
    "Accessory",
    "Treat"
  ],
  "supported_characters": [
    "Pochette"
  ],
  "combat_effects": [
    {
      "trigger": "onUse",
      "trigger_on_type": [
        "Consumable"
      ],
      "trigger_area": [
        "adjacent"
      ],
      "type": "HP",
      "value": 1,
      "target": "player"
    }
  ],
  "modifiers": [
    {
      "trigger": "constant",
      "effects": [
        {
          "type": "Block",
          "value": 1
        }
      ],
      "stackable": false
    }
  ]
}