{
  "name": "Double Gear",
  "sprite": "Double Gear.png",
  "shape": [
    "---A---",
    "-------",
    "-----XX",
    "A----XX"
  ],
  "rarity": "Uncommon",
  "type": [
    "Gear"
  ],
  "supported_characters": [
    "CR8"
  ],
  "animation": "Block",
  "combat_effects": [
    {
      "trigger": "onRotate",
      "type": "Damage",
      "value": 2,
      "target": "allEnemies"
    }
  ],
  "modifiers": [
    {
      "trigger": "constant",
      "mod_area": [
        "ItemEffectArea"
      ],
      "effects": [
        {
          "type": "Damage",
          "value": 4
        }
      ],
      "mod_types": [
        "Weapon"
      ],
      "mod_distance": "closest",
      "stackable": false,
      "description": "Weapons this points to get /x damage"
    }
  ]
}