{
  "name": "Dreaming Ring",
  "sprite": "Dreaming Ring.png",
  "shape": [
    "X"
  ],
  "rarity": "Uncommon",
  "type": [
    "Ring",
    "Accessory",
    "Carving"
  ],
  "supported_characters": [
    "Tote"
  ],
  "movable": {
    "area": "board"
  },
  "combat_effects": [
    {
      "trigger": "onSummonCarving",
      "trigger_on_type": [
        "Carving"
      ],
      "trigger_area": [
        "adjacent",
        "diagonal"
      ],
      "type": "Block",
      "value": 4,
      "target": "player"
    }
  ],
  "item_status_effects": [
    {
      "type": "canBeForged",
      "value": 1,
      "length": "permanent"
    }
  ],
  "carving": {
    "summon_costs": {
      "energy": 1
    }
  }
}