{
  "name": "Dreaming Sword",
  "sprite": "Dreaming Sword.png",
  "shape": [
    "X",
    "X",
    "X"
  ],
  "rarity": "Legendary",
  "type": [
    "Melee",
    "Weapon"
  ],
  "supported_characters": [
    "Tote"
  ],
  "use_costs": {
    "energy": 1
  },
  "animation": "Attack",
  "combat_effects": [
    {
      "trigger": "onUse",
      "type": "Damage",
      "value": 5,
      "target": "enemy"
    }
  ],
  "modifiers": [
    {
      "trigger": "constant",
      "effects": [
        {
          "type": "Damage",
          "value": {
            "replace_with": "carvingsPlayed",
            "multiplier": 3
          }
        }
      ],
      "stackable": false
    }
  ],
  "item_status_effects": [
    {
      "type": "canBeForged",
      "value": 4,
      "length": "permanent"
    }
  ]
}