{
  "name": "Electric Guitar",
  "sprite": "Electric Guitar.png",
  "shape": [
    "-X",
    "X-"
  ],
  "rarity": "Rare",
  "type": [
    "Instrument"
  ],
  "supported_characters": [
    "Satchel"
  ],
  "use_costs": {
    "energy": 2
  },
  "animation": "Attack",
  "combat_effects": [
    {
      "trigger": "onUse",
      "type": "Charm",
      "value": 6,
      "target": "enemy"
    }
  ],
  "modifiers": [
    {
      "trigger": "onUse",
      "mod_area": [
        "adjacent"
      ],
      "effects": [
        {
          "type": "resetUsesPerTurn"
        }
      ],
      "mod_types": [
        "Instrument"
      ],
      "stackable": false
    }
  ]
}