{
  "name": "Electric Arrow",
  "sprite": "Electric Arrow.png",
  "shape": [
    "XX"
  ],
  "rarity": "Rare",
  "type": [
    "Arrow",
    "Weapon"
  ],
  "group": [
    "Archery",
    "Magic"
  ],
  "supported_characters": [
    "Purse",
    "Satchel",
    "CR8"
  ],
  "combat_effects": [
    {
      "trigger": "onUse",
      "type": "Damage",
      "value": 3,
      "target": "enemy"
    }
  ],
  "modifiers": [
    {
      "trigger": "constant",
      "trigger_on_type": [
        "ManaStone"
      ],
      "trigger_area": [
        "connected"
      ],
      "effects": [
        {
          "type": "Damage",
          "value": 2
        }
      ]
    }
  ],
  "item_status_effects": [
    {
      "type": "projectile",
      "value": 0,
      "length": "permanent"
    },
    {
      "type": "conductive",
      "value": 0,
      "length": "permanent"
    },
    {
      "type": "buoyant",
      "value": 0,
      "length": "permanent"
    },
    {
      "type": "canBeForged",
      "value": 3,
      "length": "permanent"
    }
  ]
}