{
  "name": "Energy Fish",
  "sprite": "Energy Fish.png",
  "shape": [
    "X"
  ],
  "rarity": "Uncommon",
  "type": [
    "Consumable",
    "Fish",
    "Carving"
  ],
  "supported_characters": [
    "Tote"
  ],
  "use_costs": {
    "energy": 0
  },
  "movable": {
    "area": "board"
  },
  "combat_effects": [
    {
      "trigger": "onUse",
      "type": "AP",
      "value": 2,
      "target": "player"
    }
  ],
  "modifiers": [
    {
      "trigger": "onUse",
      "effects": [
        {
          "type": "BanishCarving"
        }
      ],
      "stackable": false
    }
  ],
  "carving": {
    "summon_costs": {
      "energy": 1
    }
  }
}