{
  "name": "Energy Carving",
  "sprite": "Energy Carving.png",
  "shape": [
    "X"
  ],
  "rarity": "Rare",
  "type": [
    "Accessory",
    "Carving"
  ],
  "supported_characters": [
    "Tote"
  ],
  "movable": {
    "area": "board"
  },
  "combat_effects": [
    {
      "trigger": "onTurnStart",
      "type": "AP",
      "value": 1,
      "target": "player"
    }
  ],
  "item_status_effects": [
    {
      "type": "canBeForged",
      "value": 1,
      "length": "permanent"
    }
  ],
  "carving": {
    "summon_costs": {
      "energy": 2
    }
  }
}