{
  "name": "Enoki Mushrooms",
  "sprite": "Enoki Mushrooms.png",
  "shape": [
    "X"
  ],
  "rarity": "Common",
  "type": [
    "Plant",
    "Carving"
  ],
  "supported_characters": [
    "Tote"
  ],
  "animation": "Attack",
  "movable": {
    "area": "board"
  },
  "combat_effects": [
    {
      "trigger": "onTurnStart",
      "type": "Block",
      "value": 4,
      "target": "player"
    },
    {
      "trigger": "onUse",
      "trigger_on_type": [
        "Consumable"
      ],
      "trigger_area": [
        "adjacent"
      ],
      "type": "Block",
      "value": 10,
      "target": "player"
    }
  ],
  "modifiers": [
    {
      "trigger": "onUse",
      "trigger_on_type": [
        "Consumable"
      ],
      "trigger_area": [
        "adjacent"
      ],
      "effects": [
        {
          "type": "DiscardCarving",
          "value": 3
        }
      ],
      "stackable": false
    }
  ],
  "carving": {
    "summon_costs": {
      "energy": 0
    }
  }
}