{
  "name": "Ethereal Energy",
  "sprite": "Ethereal Energy.png",
  "shape": [
    "X"
  ],
  "rarity": "Common",
  "type": [
    "Accessory"
  ],
  "animation": "Attack",
  "combat_effects": [
    {
      "trigger": "onTurnStart",
      "type": "AP",
      "value": 1
    }
  ],
  "modifiers": [
    {
      "trigger": "onCombatEnd",
      "effects": [
        {
          "type": "Destroy"
        }
      ],
      "stackable": false
    }
  ],
  "item_status_effects": [
    {
      "type": "conductive",
      "value": 0,
      "length": "permanent"
    }
  ]
}