{
  "name": "Evil Hand",
  "sprite": "Evil Hand.png",
  "shape": [
    "X"
  ],
  "flavor": "Here's your new home",
  "rarity": "Common",
  "type": [
    "Glove",
    "Armor",
    "Curse"
  ],
  "group": [
    "Armored"
  ],
  "supported_characters": [
    "Purse",
    "Satchel",
    "CR8",
    "Pochette"
  ],
  "animation": "Attack",
  "combat_effects": [
    {
      "trigger": "whenThisDestroys",
      "trigger_description": "When this destroys an item",
      "type": "Rage",
      "value": 2,
      "target": "player"
    }
  ],
  "modifiers": [
    {
      "trigger": "onMoveCollide",
      "mod_area": [
        "leftRotational"
      ],
      "effects": [
        {
          "type": "Destroy",
          "value": 0.5
        }
      ],
      "mod_distance": "closest",
      "description": "Translation not found for key hidden"
    }
  ],
  "movement_effects": [
    {
      "trigger": "onTurnStart",
      "affected_area": [
        "leftRotational"
      ],
      "affected_area_distance": "closest",
      "x": 1.0,
      "movement_type": "local",
      "movement_length": "oneSpace",
      "description": "Pulls items closer. If the item cannot move closer, it will be destroyed"
    }
  ],
  "item_status_effects": [
    {
      "type": "cantBeSold",
      "value": 1,
      "length": "permanent"
    }
  ]
}