{
  "name": "Fangs",
  "sprite": "Fangs.png",
  "shape": [
    "X"
  ],
  "rarity": "Uncommon",
  "type": [
    "Scary",
    "Accessory"
  ],
  "use_costs": {
    "energy": 0
  },
  "combat_effects": [
    {
      "trigger": "onUse",
      "type": "Vampire",
      "value": 10,
      "target": "enemy"
    }
  ],
  "modifiers": [
    {
      "trigger": "onUse",
      "effects": [
        {
          "type": "Destroy"
        }
      ],
      "stackable": false
    }
  ]
}