{
  "name": "Feather Wand",
  "sprite": "Feather Wand.png",
  "shape": [
    "-X",
    "X-"
  ],
  "rarity": "Uncommon",
  "type": [
    "Accessory",
    "Treat"
  ],
  "supported_characters": [
    "Pochette"
  ],
  "combat_effects": [
    {
      "trigger": "onUse",
      "type": "Damage",
      "value": 10,
      "target": "enemy"
    }
  ],
  "modifiers": [
    {
      "trigger": "constantEarly",
      "effects": [
        {
          "type": "ItemStatusEffect",
          "value": 1,
          "item_status_effects": [
            {
              "apply_immediately": true,
              "type": "AddToManaCost",
              "value": 1,
              "length": "whileActive"
            }
          ]
        }
      ],
      "stackable": false
    }
  ]
}