{
  "name": "Feather Armor",
  "sprite": "Feather Armor.png",
  "shape": [
    "XX",
    "XX"
  ],
  "rarity": "Rare",
  "type": [
    "Clothing",
    "Armor"
  ],
  "supported_characters": [
    "Satchel"
  ],
  "animation": "Attack",
  "combat_effects": [
    {
      "trigger": "onCombatStart",
      "type": "Dodge",
      "value": 1,
      "target": "player"
    }
  ],
  "modifiers": [
    {
      "trigger": "constant",
      "trigger_on_type": [
        "Armor"
      ],
      "trigger_area": [
        "inAnotherPocket"
      ],
      "effects": [
        {
          "type": "Dodge",
          "value": 1,
          "target": "player"
        }
      ]
    }
  ],
  "item_status_effects": [
    {
      "type": "canBeForged",
      "value": 2,
      "length": "permanent"
    }
  ]
}