{
  "name": "Feather Shiv",
  "sprite": "Feather Shiv.png",
  "shape": [
    "X"
  ],
  "rarity": "Common",
  "type": [
    "Melee",
    "Weapon"
  ],
  "supported_characters": [
    "Satchel"
  ],
  "use_costs": {
    "energy": 0
  },
  "use_limits": {
    "perTurn": 1
  },
  "animation": "Attack",
  "combat_effects": [
    {
      "trigger": "onUse",
      "type": "Damage",
      "value": 3,
      "target": "enemy"
    }
  ],
  "modifiers": [
    {
      "trigger": "constant",
      "effects": [
        {
          "type": "Damage",
          "value": {
            "replace_with": "numOfItems",
            "multiplier": 2,
            "check_items": [
              {
                "BaseGameExport": "FEATHER SHIV"
              }
            ],
            "check_areas": [
              "inAnotherPocket"
            ]
          }
        }
      ],
      "stackable": false
    }
  ],
  "item_status_effects": [
    {
      "type": "canBeForged",
      "value": 1,
      "length": "permanent"
    }
  ]
}