{
  "name": "Fishing Hook",
  "sprite": "Fishing Hook.png",
  "shape": [
    "XX",
    "-X"
  ],
  "flavor": "Fishing while you work!",
  "rarity": "Uncommon",
  "type": [
    "Melee",
    "Weapon"
  ],
  "group": [
    "Fish"
  ],
  "supported_characters": [
    "Purse",
    "Satchel"
  ],
  "use_costs": {
    "energy": 0
  },
  "animation": "Attack",
  "combat_effects": [
    {
      "trigger": "onUse",
      "type": "Damage",
      "value": 10,
      "target": "enemy"
    }
  ],
  "create_effects": [
    {
      "trigger": "onKillNonSummonEnemy",
      "create_type": "trueRandom",
      "create_areas": [
        "adjacent"
      ],
      "create_items": [
        {
          "BaseGameExport": "BLUEFIN"
        },
        {
          "BaseGameExport": "CAVE FISH"
        },
        {
          "BaseGameExport": "BIG FIN"
        },
        {
          "BaseGameExport": "CAVE SHARK"
        },
        {
          "BaseGameExport": "ANGLER FISH"
        },
        {
          "BaseGameExport": "GUPPY"
        },
        {
          "BaseGameExport": "SMELT"
        },
        {
          "BaseGameExport": "BLUEFIN"
        }
      ],
      "create_rarities": [
        "Common",
        "Uncommon",
        "Rare",
        "Legendary"
      ],
      "description": "Creates a fish in an adjacent space"
    }
  ],
  "modifiers": [
    {
      "trigger": "onUse",
      "effects": [
        {
          "type": "ItemStatusEffect",
          "value": 1,
          "item_status_effects": [
            {
              "type": "AddToEnergyCost",
              "value": 1,
              "length": "combats"
            }
          ]
        }
      ]
    }
  ]
}