{
  "name": "Fish Sword",
  "sprite": "Fish Sword.png",
  "shape": [
    "X",
    "X"
  ],
  "flavor": "This thing does not smell good. Seriously, wow.",
  "rarity": "Legendary",
  "type": [
    "Fish",
    "Melee",
    "Weapon"
  ],
  "group": [
    "Fish"
  ],
  "supported_characters": [
    "Purse",
    "Satchel",
    "Pochette"
  ],
  "use_costs": {
    "energy": 1
  },
  "animation": "OverheadAttack",
  "combat_effects": [
    {
      "trigger": "onUse",
      "type": "Damage",
      "value": 6,
      "target": "enemy"
    }
  ],
  "modifiers": [
    {
      "trigger": "constant",
      "trigger_on_type": [
        "Fish"
      ],
      "trigger_area": [
        "adjacent",
        "diagonal"
      ],
      "effects": [
        {
          "type": "Damage",
          "value": 2
        }
      ]
    }
  ],
  "item_status_effects": [
    {
      "type": "canBeForged",
      "value": 3,
      "length": "permanent"
    }
  ]
}