{
  "name": "Flight Goggles",
  "sprite": "Flight Goggles.png",
  "shape": [
    "X"
  ],
  "rarity": "Legendary",
  "type": [
    "Accessory",
    "Treat"
  ],
  "supported_characters": [
    "Pochette"
  ],
  "modifiers": [
    {
      "trigger": "constant",
      "effects": [
        {
          "type": "Damage",
          "value": 2
        }
      ],
      "stackable": false
    }
  ],
  "item_status_effects": [
    {
      "type": "projectile",
      "value": 0,
      "length": "permanent"
    }
  ]
}