{
  "name": "Flowering Arrow",
  "sprite": "Flowering Arrow.png",
  "shape": [
    "XX"
  ],
  "rarity": "Common",
  "type": [
    "Arrow",
    "Weapon",
    "Carving"
  ],
  "supported_characters": [
    "Tote"
  ],
  "animation": "FireArrow",
  "movable": {
    "area": "board"
  },
  "combat_effects": [
    {
      "trigger": "onUse",
      "type": "Damage",
      "value": 7,
      "target": "enemy"
    }
  ],
  "modifiers": [
    {
      "trigger": "constant",
      "trigger_on_type": [
        "GridEmpty"
      ],
      "trigger_area": [
        "rightRotational"
      ],
      "effects": [
        {
          "type": "Damage",
          "value": 5
        }
      ]
    },
    {
      "trigger": "useLate",
      "effects": [
        {
          "type": "DiscardCarving"
        }
      ],
      "stackable": false
    }
  ],
  "item_status_effects": [
    {
      "type": "projectile",
      "value": 0,
      "length": "permanent"
    },
    {
      "type": "canBeForged",
      "value": 1,
      "length": "permanent"
    }
  ],
  "carving": {
    "summon_costs": {
      "energy": 0
    }
  }
}