{
  "name": "Flowering Cleaver",
  "sprite": "Flowering Cleaver.png",
  "shape": [
    "X"
  ],
  "rarity": "Rare",
  "type": [
    "Melee",
    "Weapon",
    "Carving"
  ],
  "supported_characters": [
    "Tote"
  ],
  "animation": "Attack",
  "movable": {
    "area": "board"
  },
  "combat_effects": [
    {
      "trigger": "onSummonCarving",
      "type": "Damage",
      "value": 5,
      "target": "enemy"
    }
  ],
  "modifiers": [
    {
      "trigger": "onSummonCarving",
      "mod_area": [
        "topRotational"
      ],
      "effects": [
        {
          "type": "Activate"
        }
      ],
      "mod_distance": "adjacent"
    }
  ],
  "item_status_effects": [
    {
      "type": "canBeForged",
      "value": 2,
      "length": "permanent"
    }
  ],
  "carving": {
    "summon_costs": {
      "energy": 0
    }
  }
}