{
  "name": "Flower",
  "sprite": "Flower.png",
  "shape": [
    "X",
    "X"
  ],
  "rarity": "Common",
  "type": [
    "Plant",
    "Consumable"
  ],
  "group": [
    "Armored"
  ],
  "supported_characters": [
    "Purse",
    "Satchel",
    "CR8",
    "Pochette"
  ],
  "use_costs": {
    "energy": 0
  },
  "combat_effects": [
    {
      "trigger": "onUse",
      "type": "Haste",
      "value": 8,
      "target": "player"
    },
    {
      "trigger": "onUse",
      "type": "Weak",
      "value": 2,
      "target": "player"
    }
  ],
  "modifiers": [
    {
      "trigger": "onUse",
      "effects": [
        {
          "type": "Destroy"
        }
      ],
      "stackable": false
    }
  ]
}