{
  "name": "Flute",
  "sprite": "Flute.png",
  "shape": [
    "XX"
  ],
  "rarity": "Common",
  "type": [
    "Instrument"
  ],
  "group": [
    "Charmer",
    "Pacifist"
  ],
  "supported_characters": [
    "Satchel"
  ],
  "use_costs": {
    "energy": 1
  },
  "soundeffect": "flute",
  "combat_effects": [
    {
      "trigger": "onUse",
      "type": "Charm",
      "value": 5,
      "target": "enemy"
    }
  ],
  "item_status_effects": [
    {
      "type": "canBeForged",
      "value": 1,
      "length": "permanent"
    }
  ]
}