{
  "name": "Fox Rapier",
  "sprite": "Fox Rapier.png",
  "shape": [
    "X",
    "X",
    "X"
  ],
  "flavor": "Foxes can't be trusted",
  "rarity": "Legendary",
  "type": [
    "Melee",
    "Weapon"
  ],
  "use_costs": {
    "energy": 1
  },
  "animation": "Attack",
  "combat_effects": [
    {
      "trigger": "onUse",
      "type": "Damage",
      "value": 10,
      "target": "enemy"
    },
    {
      "trigger": "onUse",
      "type": "Block",
      "value": 1,
      "target": "player"
    }
  ],
  "modifiers": [
    {
      "trigger": "onUse",
      "mod_area": [
        "adjacent",
        "diagonal"
      ],
      "effects": [
        {
          "type": "Block",
          "value": 1
        }
      ],
      "mod_types": [
        "Shield"
      ],
      "length": "forCombat"
    }
  ],
  "item_status_effects": [
    {
      "type": "canBeForged",
      "value": 4,
      "length": "permanent"
    }
  ]
}