{
  "name": "Frog Carving",
  "sprite": "Frog Carving.png",
  "shape": [
    "X"
  ],
  "rarity": "Uncommon",
  "type": [
    "Accessory",
    "Carving"
  ],
  "supported_characters": [
    "Tote"
  ],
  "use_costs": {
    "mana": 1
  },
  "movable": {
    "area": "board"
  },
  "combat_effects": [
    {
      "trigger": "onTurnStart",
      "type": "Mana",
      "value": 1
    }
  ],
  "modifiers": [
    {
      "trigger": "onUse",
      "mod_area": [
        "adjacent"
      ],
      "effects": [
        {
          "type": "DiscardCarving"
        }
      ],
      "mod_types": [
        "Carving"
      ],
      "stackable": false
    }
  ],
  "carving": {
    "summon_costs": {
      "energy": 0
    }
  }
}