{
  "name": "Frog Magician Boots",
  "sprite": "Frog Magician Boots.png",
  "shape": [
    "XX"
  ],
  "rarity": "Uncommon",
  "type": [
    "Footwear",
    "Armor",
    "Carving"
  ],
  "supported_characters": [
    "Tote"
  ],
  "movable": {
    "area": "board"
  },
  "combat_effects": [
    {
      "trigger": "onTurnStart",
      "type": "Block",
      "value": 2,
      "target": "player"
    },
    {
      "trigger": "onTurnStart",
      "type": "Mana",
      "value": 1,
      "target": "player"
    }
  ],
  "modifiers": [
    {
      "trigger": "constant",
      "trigger_on_type": [
        "ManaStone"
      ],
      "trigger_area": [
        "top"
      ],
      "effects": [
        {
          "type": "Block",
          "value": 4
        }
      ]
    }
  ],
  "item_status_effects": [
    {
      "type": "canBeForged",
      "value": 1,
      "length": "permanent"
    }
  ],
  "carving": {
    "summon_costs": {
      "mana": 2
    }
  }
}