{
  "name": "Gingerbread Rat",
  "sprite": "Gingerbread Rat.png",
  "shape": [
    "X"
  ],
  "rarity": "Uncommon",
  "type": [
    "Festive",
    "Consumable"
  ],
  "group": [
    "Festive"
  ],
  "use_costs": {
    "energy": 0
  },
  "combat_effects": [
    {
      "trigger": "onUse",
      "type": "Luck",
      "value": 5,
      "target": "player"
    },
    {
      "trigger": "onUse",
      "type": "HP",
      "value": 5,
      "target": "player"
    }
  ],
  "modifiers": [
    {
      "trigger": "onUse",
      "effects": [
        {
          "type": "Destroy"
        }
      ],
      "stackable": false
    }
  ]
}