{
  "name": "Glitched Potion",
  "sprite": "Glitched Potion.png",
  "shape": [
    "X"
  ],
  "rarity": "Rare",
  "type": [
    "Potion",
    "Consumable"
  ],
  "group": [
    "Alchemy"
  ],
  "supported_characters": [
    "Purse"
  ],
  "use_costs": {
    "energy": 0
  },
  "create_effects": [
    {
      "trigger": "onUse",
      "create_type": "byType",
      "create_areas": [
        "board"
      ],
      "create_types": [
        "Any"
      ],
      "create_rarities": [
        "Common",
        "Uncommon",
        "Rare",
        "Legendary"
      ],
      "description": "Creates any item"
    }
  ],
  "modifiers": [
    {
      "trigger": "useEarly",
      "effects": [
        {
          "type": "Destroy"
        }
      ],
      "stackable": false
    }
  ]
}