{
  "name": "Golden Shiv",
  "sprite": "Golden Shiv.png",
  "shape": [
    "X"
  ],
  "flavor": "We've been turning blood to gold for centuries!",
  "rarity": "Rare",
  "type": [
    "Melee",
    "Weapon"
  ],
  "group": [
    "Gold"
  ],
  "supported_characters": [
    "Purse",
    "Satchel",
    "CR8",
    "Pochette"
  ],
  "use_costs": {
    "energy": 0
  },
  "use_limits": {
    "perTurn": 1
  },
  "animation": "Attack",
  "combat_effects": [
    {
      "trigger": "onUse",
      "type": "Damage",
      "value": 2,
      "target": "enemy"
    },
    {
      "trigger": "onKillNonSummonEnemy",
      "type": "GetGold",
      "value": 2
    }
  ],
  "item_status_effects": [
    {
      "type": "canBeForged",
      "value": 1,
      "length": "permanent"
    }
  ]
}