{
  "name": "Golden Bow",
  "sprite": "Golden Bow.png",
  "shape": [
    "X",
    "X",
    "X"
  ],
  "flavor": "Due to their small sizes squirrels and mice often opt for archery rather than brute strength",
  "rarity": "Rare",
  "type": [
    "Bow"
  ],
  "group": [
    "Archery"
  ],
  "supported_characters": [
    "Purse",
    "Satchel",
    "CR8"
  ],
  "use_costs": {
    "energy": 1
  },
  "animation": "FireArrow",
  "combat_effects": [
    {
      "trigger": "onKillNonSummonEnemy",
      "trigger_on_type": [
        "Arrow"
      ],
      "trigger_area": [
        "rightRotational"
      ],
      "type": "GetGold",
      "value": 2
    }
  ],
  "modifiers": [
    {
      "trigger": "onUse",
      "mod_area": [
        "rightRotational"
      ],
      "effects": [
        {
          "type": "Activate"
        }
      ],
      "mod_types": [
        "Arrow"
      ],
      "mod_distance": "closest",
      "stackable": false
    }
  ],
  "item_status_effects": [
    {
      "type": "canBeForged",
      "value": 2,
      "length": "permanent"
    }
  ]
}