{
  "name": "Golden Whetstone",
  "sprite": "Golden Whetstone.png",
  "shape": [
    "X"
  ],
  "rarity": "Legendary",
  "type": [
    "Accessory"
  ],
  "movable": {
    "place_on_type": "Curse"
  },
  "modifiers": [
    {
      "trigger": "onComboUse",
      "mod_area": [
        "AnythingEvenOutOfGrid"
      ],
      "effects": [
        {
          "type": "Damage",
          "value": 0.25,
          "math": "mul"
        }
      ],
      "mod_types": [
        "Weapon"
      ],
      "length": "permanent",
      "description": "Selected weapon permanently gets /x% bonus damage"
    },
    {
      "trigger": "onAlternateUse",
      "effects": [
        {
          "type": "Destroy",
          "item_status_effects": [
            {
              "type": "disabled",
              "value": 0,
              "length": "whileActive"
            }
          ]
        }
      ],
      "stackable": false
    }
  ],
  "alternate_use": {
    "use_costs": {
      "energy": 1
    },
    "animation": "Attack"
  }
}