{
  "name": "Greaves",
  "sprite": "Greaves.png",
  "shape": [
    "XX",
    "XX"
  ],
  "rarity": "Rare",
  "type": [
    "Footwear",
    "Armor"
  ],
  "group": [
    "Armored",
    "Melee"
  ],
  "supported_characters": [
    "Purse",
    "Satchel",
    "CR8",
    "Pochette"
  ],
  "animation": "Attack",
  "modifiers": [
    {
      "trigger": "constant",
      "trigger_on_type": [
        "Grid"
      ],
      "trigger_area": [
        "top"
      ],
      "effects": [
        {
          "type": "Block",
          "value": 1
        }
      ]
    },
    {
      "trigger": "constant",
      "trigger_on_type": [
        "Armor"
      ],
      "trigger_area": [
        "board"
      ],
      "mod_area": [
        "adjacent"
      ],
      "effects": [
        {
          "type": "Damage",
          "value": 1
        }
      ],
      "mod_types": [
        "Weapon"
      ]
    }
  ]
}