{
  "name": "Guppy",
  "sprite": "Guppy.png",
  "shape": [
    "X"
  ],
  "rarity": "Uncommon",
  "type": [
    "Fish",
    "Consumable"
  ],
  "group": [
    "Fish"
  ],
  "supported_characters": [
    "Satchel",
    "Purse",
    "Tote",
    "Pochette"
  ],
  "use_costs": {
    "energy": 0
  },
  "combat_effects": [
    {
      "trigger": "onUse",
      "type": "AP",
      "value": 1,
      "target": "player"
    }
  ],
  "modifiers": [
    {
      "trigger": "onUse",
      "effects": [
        {
          "type": "Destroy"
        }
      ],
      "stackable": false
    }
  ]
}