{
  "name": "Hard Hat",
  "sprite": "Hard Hat.png",
  "shape": [
    "X"
  ],
  "rarity": "Common",
  "type": [
    "Helmet",
    "Armor"
  ],
  "combat_effects": [
    {
      "trigger": "onTurnStart",
      "type": "Block",
      "value": 1,
      "target": "player"
    }
  ],
  "modifiers": [
    {
      "trigger": "constant",
      "trigger_on_type": [
        "Hazard"
      ],
      "trigger_area": [
        "bottom"
      ],
      "effects": [
        {
          "type": "Block",
          "value": 1
        }
      ]
    }
  ]
}