{
  "name": "Harp",
  "sprite": "Harp.png",
  "shape": [
    "X",
    "X"
  ],
  "rarity": "Common",
  "type": [
    "Instrument"
  ],
  "group": [
    "Charmer",
    "Pacifist"
  ],
  "supported_characters": [
    "Satchel"
  ],
  "soundeffect": "guitar",
  "combat_effects": [
    {
      "trigger": "onTurnStart",
      "type": "Charm",
      "value": 2,
      "target": "allEnemies"
    }
  ],
  "item_status_effects": [
    {
      "type": "canBeForged",
      "value": 1,
      "length": "permanent"
    }
  ]
}