{
  "name": "Harsh Hand",
  "sprite": "Harsh Hand.png",
  "shape": [
    "X"
  ],
  "rarity": "Common",
  "type": [
    "Fragment"
  ],
  "supported_characters": [
    "Purse"
  ],
  "modifiers": [
    {
      "trigger": "constant",
      "mod_area": [
        "topRotational"
      ],
      "effects": [
        {
          "type": "ItemStatusEffect",
          "value": 2,
          "item_status_effects": [
            {
              "type": "disabled",
              "value": 0,
              "length": "whileActive"
            }
          ]
        }
      ],
      "stackable": false,
      "description": "Items this points to are disabled"
    }
  ],
  "movement_effects": [
    {
      "trigger": "onTurnEnd",
      "rotation": -1.0,
      "movement_type": "global",
      "movement_length": "oneSpace"
    }
  ],
  "item_status_effects": [
    {
      "type": "canBeForged",
      "value": 1,
      "length": "permanent"
    },
    {
      "type": "cannotBePlacedAtEdge",
      "value": 1,
      "length": "permanent"
    }
  ]
}