{
  "name": "Heart Ring",
  "sprite": "Heart Ring.png",
  "shape": [
    "X"
  ],
  "rarity": "Common",
  "type": [
    "Ring",
    "Accessory"
  ],
  "animation": "Attack",
  "combat_effects": [
    {
      "trigger": "onAdd",
      "type": "MaxHP",
      "value": 5,
      "target": "player"
    },
    {
      "trigger": "onRemove",
      "type": "MaxHP",
      "value": -5,
      "target": "player"
    }
  ],
  "item_status_effects": [
    {
      "type": "canBeForged",
      "value": 1,
      "length": "permanent"
    }
  ]
}