{
  "name": "Heavy Blade",
  "sprite": "Heavy Blade.png",
  "shape": [
    "X",
    "X",
    "X"
  ],
  "rarity": "Uncommon",
  "type": [
    "Melee",
    "Weapon"
  ],
  "group": [
    "Melee"
  ],
  "supported_characters": [
    "Purse",
    "Satchel",
    "CR8"
  ],
  "use_costs": {
    "energy": 1
  },
  "animation": "Attack",
  "combat_effects": [
    {
      "trigger": "onUse",
      "type": "Damage",
      "value": 8,
      "target": "enemy"
    },
    {
      "trigger": "onKillEnemy",
      "type": "Slow",
      "value": 5,
      "target": "allEnemies"
    }
  ],
  "item_status_effects": [
    {
      "type": "heavy",
      "value": 0,
      "length": "permanent"
    },
    {
      "type": "canBeForged",
      "value": 2,
      "length": "permanent"
    }
  ]
}