{
  "name": "Homework",
  "sprite": "Homework.png",
  "shape": [
    "X"
  ],
  "flavor": "Don't forget to do your homework",
  "rarity": "Common",
  "type": [
    "Magic",
    "Book",
    "Accessory",
    "Curse"
  ],
  "group": [
    "Magic"
  ],
  "supported_characters": [
    "Purse",
    "Satchel",
    "CR8",
    "Pochette"
  ],
  "use_costs": {
    "energy": 1
  },
  "combat_effects": [
    {
      "trigger": "onUse",
      "type": "Mana",
      "value": 2
    },
    {
      "trigger": "onTurnEnd",
      "type": "Mana",
      "value": -999
    }
  ],
  "modifiers": [
    {
      "trigger": "onUse",
      "effects": [
        {
          "type": "ItemStatusEffect",
          "value": 1,
          "item_status_effects": [
            {
              "type": "disabled",
              "value": 1,
              "length": "turns"
            }
          ]
        }
      ]
    }
  ],
  "item_status_effects": [
    {
      "type": "cantBeSold",
      "value": 0,
      "length": "permanent"
    }
  ]
}