{
  "name": "Horns",
  "sprite": "Horns.png",
  "shape": [
    "X"
  ],
  "rarity": "Rare",
  "type": [
    "Scary",
    "Helmet",
    "Armor"
  ],
  "animation": "Attack",
  "combat_effects": [
    {
      "trigger": "onTurnStart",
      "type": "Block",
      "value": 1,
      "target": "player"
    }
  ],
  "modifiers": [
    {
      "trigger": "constant",
      "trigger_on_type": [
        "Scary"
      ],
      "trigger_area": [
        "bottom"
      ],
      "effects": [
        {
          "type": "Block",
          "value": 2
        }
      ]
    }
  ]
}