{
  "name": "Ice Block",
  "sprite": [
    "Ice Block_0.png",
    "Ice Block_1.png",
    "Ice Block_2.png"
  ],
  "shape": [
    "XX",
    "XX"
  ],
  "rarity": "Common",
  "type": [
    "Hazard"
  ],
  "use_costs": {
    "energy": 0
  },
  "use_limits": {
    "total": 3
  },
  "modifiers": [
    {
      "trigger": "onOutOfUses",
      "effects": [
        {
          "type": "Destroy"
        }
      ],
      "stackable": false
    },
    {
      "trigger": "onUse",
      "effects": [
        {
          "type": "ItemStatusEffect",
          "value": 1,
          "item_status_effects": [
            {
              "type": "AddToEnergyCost",
              "value": 1,
              "length": "turns"
            }
          ]
        }
      ],
      "stackable": false
    }
  ],
  "item_status_effects": [
    {
      "type": "cantBeSold",
      "value": 0,
      "length": "permanent"
    },
    {
      "type": "canBePlayedOverOtherItems",
      "value": 0,
      "length": "permanent"
    },
    {
      "type": "canBeUsedByCR8Directly",
      "value": 0,
      "length": "permanent"
    }
  ]
}