{
  "name": "Iron Helmet",
  "sprite": "Iron Helmet.png",
  "shape": [
    "X"
  ],
  "rarity": "Uncommon",
  "type": [
    "Helmet",
    "Armor"
  ],
  "group": [
    "Armored"
  ],
  "supported_characters": [
    "Purse",
    "Satchel",
    "CR8",
    "Pochette"
  ],
  "animation": "Attack",
  "combat_effects": [
    {
      "trigger": "onTurnStart",
      "type": "Block",
      "value": 2,
      "target": "player"
    }
  ],
  "modifiers": [
    {
      "trigger": "constant",
      "trigger_on_type": [
        "Grid"
      ],
      "trigger_area": [
        "top"
      ],
      "effects": [
        {
          "type": "ItemStatusEffect",
          "value": -2,
          "item_status_effects": [
            {
              "type": "disabled",
              "value": 0,
              "length": "whileActive"
            }
          ]
        }
      ],
      "stackable": false
    },
    {
      "trigger": "constant",
      "mod_area": [
        "adjacent"
      ],
      "effects": [
        {
          "type": "Block",
          "value": 1
        }
      ],
      "mod_types": [
        "Armor"
      ],
      "stackable": false
    }
  ],
  "item_status_effects": [
    {
      "type": "canBeForged",
      "value": 1,
      "length": "permanent"
    }
  ]
}