{
  "name": "Jagged Blade",
  "sprite": "Jagged Blade.png",
  "shape": [
    "X",
    "X",
    "X",
    "X"
  ],
  "rarity": "Legendary",
  "type": [
    "Melee",
    "Weapon"
  ],
  "group": [
    "Melee"
  ],
  "supported_characters": [
    "Purse",
    "Satchel",
    "CR8",
    "Pochette"
  ],
  "use_costs": {
    "energy": 1
  },
  "animation": "Attack",
  "combat_effects": [
    {
      "trigger": "onUse",
      "type": "Damage",
      "value": 9,
      "target": "enemy"
    },
    {
      "trigger": "onKillEnemy",
      "type": "Damage",
      "value": 8,
      "target": "allEnemies"
    }
  ],
  "item_status_effects": [
    {
      "type": "canBeForged",
      "value": 3,
      "length": "permanent"
    }
  ]
}