{
  "name": "Jam",
  "sprite": [
    "Jam_0.png",
    "Jam_1.png"
  ],
  "shape": [
    "X"
  ],
  "rarity": "Uncommon",
  "type": [
    "Consumable"
  ],
  "supported_characters": [
    "Pochette"
  ],
  "use_costs": {
    "energy": 0
  },
  "use_limits": {
    "total": 2
  },
  "movable": {
    "area": "board",
    "place_on_type_combat": "Pet"
  },
  "combat_effects": [
    {
      "trigger": "onUse",
      "type": "HP",
      "value": 6,
      "target": "statusFromItem"
    }
  ],
  "modifiers": [
    {
      "trigger": "onOutOfUses",
      "effects": [
        {
          "type": "Destroy"
        }
      ],
      "stackable": false
    }
  ],
  "item_status_effects": [
    {
      "type": "canBeMovedInCombatButReturnsToOriginalPosition",
      "value": 0,
      "length": "permanent"
    }
  ]
}