{
  "name": "Joker Cleaver",
  "sprite": "Joker Cleaver.png",
  "shape": [
    "X"
  ],
  "flavor": "He's laughing at me",
  "rarity": "Common",
  "type": [
    "Cleaver",
    "Melee",
    "Weapon",
    "Curse"
  ],
  "group": [
    "Cleavers"
  ],
  "supported_characters": [
    "Purse"
  ],
  "use_costs": {
    "energy": 2
  },
  "animation": "Attack",
  "combat_effects": [
    {
      "trigger": "onUse",
      "type": "Damage",
      "value": 7,
      "target": "enemy"
    }
  ],
  "modifiers": [
    {
      "trigger": "onUse",
      "mod_area": [
        "topRotational"
      ],
      "effects": [
        {
          "type": "Activate"
        }
      ],
      "mod_types": [
        "Cleaver"
      ],
      "mod_distance": "adjacent",
      "stackable": false
    }
  ],
  "movement_effects": [
    {
      "trigger": "onUse",
      "rotation": -1.0,
      "movement_type": "global",
      "movement_length": "oneSpace"
    }
  ],
  "item_status_effects": [
    {
      "type": "cantBeSold",
      "value": 1,
      "length": "permanent"
    }
  ]
}