{
  "name": "Lance",
  "sprite": "Lance.png",
  "shape": [
    "X",
    "X",
    "X"
  ],
  "rarity": "Legendary",
  "type": [
    "Melee",
    "Weapon"
  ],
  "group": [
    "Melee"
  ],
  "supported_characters": [
    "Purse",
    "Satchel",
    "CR8",
    "Pochette"
  ],
  "use_costs": {
    "energy": 1
  },
  "animation": "Attack",
  "combat_effects": [
    {
      "trigger": "onUse",
      "type": "Damage",
      "value": 11,
      "target": "allEnemies"
    }
  ],
  "modifiers": [
    {
      "trigger": "onUse",
      "effects": [
        {
          "type": "ItemStatusEffect",
          "value": 1,
          "item_status_effects": [
            {
              "type": "AddToEnergyCost",
              "value": 1,
              "length": "turns"
            }
          ]
        }
      ],
      "stackable": false
    }
  ],
  "item_status_effects": [
    {
      "type": "piercing",
      "value": 0,
      "length": "permanent"
    },
    {
      "type": "canBeForged",
      "value": 5,
      "length": "permanent"
    }
  ]
}