{
  "name": "Leaf Katar",
  "sprite": "Leaf Katar.png",
  "shape": [
    "XX"
  ],
  "rarity": "Rare",
  "type": [
    "Accessory",
    "Weapon"
  ],
  "supported_characters": [
    "Purse",
    "Satchel",
    "Pochette"
  ],
  "use_costs": {
    "energy": 1
  },
  "animation": "Attack",
  "movable": {
    "area": "board",
    "place_on_type_combat": "Any"
  },
  "combat_effects": [
    {
      "trigger": "onUse",
      "type": "Damage",
      "value": 3,
      "target": "enemy"
    }
  ],
  "modifiers": [
    {
      "trigger": "onUse",
      "mod_area": [
        "myPlaySpace"
      ],
      "effects": [
        {
          "type": "resetUsesPerTurn"
        }
      ],
      "stackable": false
    }
  ],
  "item_status_effects": [
    {
      "type": "canBeMovedInCombatButReturnsToOriginalPosition",
      "value": 0,
      "length": "permanent"
    },
    {
      "type": "canBeForged",
      "value": 1,
      "length": "permanent"
    },
    {
      "type": "unique",
      "value": 0,
      "length": "permanent"
    }
  ]
}