{
  "name": "Leather Boots",
  "sprite": "Leather Boots.png",
  "shape": [
    "XX"
  ],
  "rarity": "Common",
  "type": [
    "Footwear",
    "Armor"
  ],
  "group": [
    "Armored"
  ],
  "supported_characters": [
    "Purse",
    "Satchel",
    "CR8",
    "Pochette"
  ],
  "animation": "Attack",
  "modifiers": [
    {
      "trigger": "constant",
      "trigger_on_type": [
        "Grid"
      ],
      "trigger_area": [
        "top"
      ],
      "effects": [
        {
          "type": "Block",
          "value": 1
        }
      ]
    }
  ]
}