{
  "name": "Leek",
  "sprite": "Leek.png",
  "shape": [
    "-X",
    "X-"
  ],
  "rarity": "Common",
  "type": [
    "Weapon",
    "Treat"
  ],
  "supported_characters": [
    "Pochette"
  ],
  "modifiers": [
    {
      "trigger": "onUse",
      "trigger_on_type": [
        "Weapon"
      ],
      "trigger_area": [
        "adjacent"
      ],
      "effects": [
        {
          "type": "Damage",
          "value": 1
        }
      ],
      "length": "untilUse"
    }
  ]
}