{
  "name": "Lily Pad",
  "sprite": "Lily Pad.png",
  "shape": [
    "X"
  ],
  "rarity": "Legendary",
  "type": [
    "Relic"
  ],
  "supported_characters": [
    "Tote"
  ],
  "use_costs": {
    "mana": 1
  },
  "animation": "Attack",
  "modifiers": [
    {
      "trigger": "onUse",
      "mod_area": [
        "board"
      ],
      "effects": [
        {
          "type": "DiscardCarving"
        }
      ],
      "mod_types": [
        "Carving"
      ],
      "stackable": false
    }
  ]
}