{
  "name": "Liquid Armor",
  "sprite": "Liquid Armor.png",
  "shape": [
    "X"
  ],
  "rarity": "Common",
  "type": [
    "Potion",
    "Consumable"
  ],
  "group": [
    "Shield",
    "Armored"
  ],
  "supported_characters": [
    "Purse",
    "Satchel",
    "CR8",
    "Pochette"
  ],
  "use_costs": {
    "energy": 0
  },
  "combat_effects": [
    {
      "trigger": "onUse",
      "type": "Block",
      "value": 25,
      "target": "player"
    }
  ],
  "modifiers": [
    {
      "trigger": "onUse",
      "effects": [
        {
          "type": "Destroy"
        }
      ],
      "stackable": false
    }
  ]
}