{
  "name": "Living Rock",
  "sprite": "Living Rock.png",
  "shape": [
    "X"
  ],
  "flavor": "I think I heard it cough",
  "rarity": "Common",
  "type": [
    "Accessory",
    "Curse"
  ],
  "supported_characters": [
    "Purse",
    "Satchel",
    "CR8",
    "Pochette"
  ],
  "use_costs": {
    "energy": 1
  },
  "movable": {
    "area": "board"
  },
  "combat_effects": [
    {
      "trigger": "onMoveCollide",
      "type": "Damage",
      "value": 5,
      "target": "player"
    },
    {
      "trigger": "onTurnStart",
      "type": "Damage",
      "value": 3,
      "target": "allEnemies"
    }
  ],
  "movement_effects": [
    {
      "trigger": "onTurnStart",
      "x": 1.0,
      "movement_type": "local",
      "movement_length": "oneSpace",
      "description": "moves forward one space"
    }
  ],
  "item_status_effects": [
    {
      "type": "cantBeSold",
      "value": 0,
      "length": "permanent"
    },
    {
      "type": "canBeMovedInCombat",
      "value": 0,
      "length": "permanent"
    },
    {
      "type": "projectile",
      "value": 0,
      "length": "permanent"
    }
  ]
}