{
  "name": "Longbow",
  "sprite": "Longbow.png",
  "shape": [
    "X",
    "X",
    "X",
    "X"
  ],
  "rarity": "Legendary",
  "type": [
    "Bow"
  ],
  "group": [
    "Archery"
  ],
  "supported_characters": [
    "Purse",
    "Satchel",
    "CR8"
  ],
  "use_costs": {
    "energy": 1
  },
  "animation": "FireArrow",
  "combat_effects": [
    {
      "trigger": "onKillEnemy",
      "trigger_on_type": [
        "Arrow"
      ],
      "trigger_area": [
        "rightRotational"
      ],
      "trigger_distance": "closest",
      "type": "Dodge",
      "value": 1,
      "target": "player"
    }
  ],
  "modifiers": [
    {
      "trigger": "onUse",
      "mod_area": [
        "rightRotational"
      ],
      "effects": [
        {
          "type": "Activate"
        }
      ],
      "mod_types": [
        "Arrow"
      ],
      "mod_distance": "closest",
      "stackable": false
    }
  ],
  "item_status_effects": [
    {
      "type": "canBeForged",
      "value": 3,
      "length": "permanent"
    }
  ]
}