{
  "name": "Love Potion",
  "sprite": "Love Potion.png",
  "shape": [
    "X"
  ],
  "flavor": "O Romemole, Romemole, wherefore art thou Romemole?",
  "rarity": "Uncommon",
  "type": [
    "Potion",
    "Consumable"
  ],
  "group": [
    "Charmer"
  ],
  "supported_characters": [
    "Satchel"
  ],
  "use_costs": {
    "energy": 0
  },
  "combat_effects": [
    {
      "trigger": "onUse",
      "type": "Charm",
      "value": 20,
      "target": "enemy"
    }
  ],
  "modifiers": [
    {
      "trigger": "onUse",
      "effects": [
        {
          "type": "Destroy"
        }
      ],
      "stackable": false
    }
  ]
}