{
  "name": "Lovers' Quarrel",
  "sprite": "Lovers' Quarrel.png",
  "shape": [
    "X",
    "X",
    "X"
  ],
  "rarity": "Legendary",
  "type": [
    "Accessory"
  ],
  "group": [
    "Charmer"
  ],
  "supported_characters": [
    "Satchel"
  ],
  "use_costs": {
    "energy": 1
  },
  "animation": "Attack",
  "combat_effects": [
    {
      "trigger": "onUse",
      "type": "Damage",
      "value": 1,
      "target": "enemy"
    }
  ],
  "modifiers": [
    {
      "trigger": "constant",
      "effects": [
        {
          "type": "Damage",
          "value": {
            "replace_with": "TargetCharm"
          }
        }
      ],
      "stackable": false
    }
  ]
}