{
  "name": "Lucky Star",
  "sprite": "Lucky Star.png",
  "shape": [
    "X"
  ],
  "rarity": "Common",
  "type": [
    "Shuriken",
    "Weapon"
  ],
  "group": [
    "Shuriken"
  ],
  "supported_characters": [
    "Purse",
    "Satchel"
  ],
  "use_costs": {
    "energy": 0
  },
  "animation": "FireArrow",
  "combat_effects": [
    {
      "trigger": "onUse",
      "type": "Damage",
      "value": 5,
      "target": "enemy"
    },
    {
      "trigger": "onUse",
      "type": "Luck",
      "value": 2
    }
  ],
  "modifiers": [
    {
      "trigger": "onUse",
      "effects": [
        {
          "type": "Destroy"
        }
      ],
      "stackable": false
    }
  ],
  "item_status_effects": [
    {
      "type": "projectile",
      "value": 0,
      "length": "permanent"
    }
  ]
}