{
  "name": "Magic Star Bag",
  "sprite": "Magic Star Bag.png",
  "shape": [
    "X"
  ],
  "rarity": "Uncommon",
  "type": [
    "Accessory"
  ],
  "group": [
    "Shuriken",
    "Magic"
  ],
  "supported_characters": [
    "Purse",
    "Satchel"
  ],
  "use_costs": {
    "mana": 2
  },
  "create_effects": [
    {
      "trigger": "onUse",
      "create_type": "inOpenSpaceByType",
      "create_areas": [
        "diagonal"
      ],
      "create_types": [
        "Shuriken"
      ],
      "create_rarities": [
        "Common",
        "Uncommon",
        "Rare",
        "Legendary"
      ],
      "description": "Creates shurikens in empty diagonal spaces"
    }
  ],
  "modifiers": [
    {
      "trigger": "onUse",
      "effects": [
        {
          "type": "ItemStatusEffect",
          "value": 1,
          "item_status_effects": [
            {
              "type": "AddToManaCost",
              "value": 1,
              "length": "combats"
            }
          ]
        }
      ]
    }
  ],
  "item_status_effects": [
    {
      "type": "conductive",
      "value": 0,
      "length": "permanent"
    }
  ]
}