{
  "name": "Magic Syrup",
  "sprite": "Magic Syrup.png",
  "shape": [
    "X",
    "X"
  ],
  "rarity": "Uncommon",
  "type": [
    "Accessory",
    "Carving"
  ],
  "supported_characters": [
    "Tote"
  ],
  "animation": "Attack",
  "movable": {
    "area": "board"
  },
  "combat_effects": [
    {
      "trigger": "onTurnStart",
      "type": "Rage",
      "value": 2,
      "target": "player"
    }
  ],
  "modifiers": [
    {
      "trigger": "constant",
      "trigger_on_type": [
        "Carving"
      ],
      "trigger_area": [
        "adjacent"
      ],
      "effects": [
        {
          "type": "ItemStatusEffect",
          "item_status_effects": [
            {
              "type": "disabled",
              "value": 0,
              "length": "whileActive"
            }
          ]
        }
      ],
      "stackable": false
    }
  ],
  "carving": {
    "summon_costs": {
      "mana": 1
    }
  }
}