{
  "name": "Malady",
  "sprite": "Malady.png",
  "shape": [
    "X"
  ],
  "rarity": "Common",
  "type": [
    "Hazard"
  ],
  "use_costs": {
    "energy": 1
  },
  "combat_effects": [
    {
      "trigger": "onUse",
      "type": "Poison",
      "value": 2,
      "target": "player"
    }
  ],
  "create_effects": [
    {
      "trigger": "onTurnEnd",
      "create_type": "replace",
      "create_areas": [],
      "create_items": [
        {
          "BaseGameExport": "MALEDICTION"
        }
      ],
      "create_rarities": [
        "Common",
        "Uncommon",
        "Rare",
        "Legendary"
      ],
      "description": "Replaced with a Malediction"
    }
  ],
  "modifiers": [
    {
      "trigger": "onTurnEnd",
      "effects": [
        {
          "type": "Destroy"
        }
      ],
      "stackable": false,
      "description": "Translation not found for key hidden"
    },
    {
      "trigger": "onUse",
      "effects": [
        {
          "type": "Destroy"
        }
      ],
      "stackable": false
    }
  ],
  "item_status_effects": [
    {
      "type": "cantBeSold",
      "value": 0,
      "length": "permanent"
    },
    {
      "type": "canBePlayedOverOtherItems",
      "value": 0,
      "length": "permanent"
    },
    {
      "type": "canBeUsedByCR8Directly",
      "value": 0,
      "length": "permanent"
    }
  ]
}