{
  "name": "Manastone Bow",
  "sprite": "Manastone Bow.png",
  "shape": [
    "X",
    "X",
    "X"
  ],
  "rarity": "Uncommon",
  "type": [
    "ManaStone",
    "Bow"
  ],
  "group": [
    "Archery",
    "Magic"
  ],
  "supported_characters": [
    "Purse",
    "Satchel",
    "CR8"
  ],
  "use_costs": {
    "energy": 1
  },
  "animation": "FireArrow",
  "modifiers": [
    {
      "trigger": "onUse",
      "mod_area": [
        "rightRotational"
      ],
      "effects": [
        {
          "type": "Activate"
        }
      ],
      "mod_types": [
        "Arrow"
      ],
      "mod_distance": "closest",
      "stackable": false
    }
  ],
  "item_status_effects": [
    {
      "type": "conductive",
      "value": 0,
      "length": "whileActive"
    },
    {
      "type": "canBeForged",
      "value": 2,
      "length": "permanent"
    }
  ],
  "manastone": {
    "max_mana": 3
  }
}