{
  "name": "Mask Of Pride",
  "sprite": "Mask Of Pride.png",
  "shape": [
    "X"
  ],
  "rarity": "Uncommon",
  "type": [
    "Helmet",
    "Armor"
  ],
  "supported_characters": [
    "Purse",
    "Satchel",
    "CR8",
    "Pochette"
  ],
  "animation": "Attack",
  "modifiers": [
    {
      "trigger": "onTakeDamage",
      "mod_area": [
        "bottom"
      ],
      "effects": [
        {
          "type": "ItemStatusEffect",
          "value": 1,
          "item_status_effects": [
            {
              "type": "disabled",
              "value": 1,
              "length": "turns"
            }
          ]
        }
      ],
      "stackable": false
    },
    {
      "trigger": "constant",
      "trigger_area": [
        "bottom"
      ],
      "effects": [
        {
          "type": "Block",
          "value": 2
        }
      ]
    }
  ],
  "item_status_effects": [
    {
      "type": "canBeForged",
      "value": 2,
      "length": "permanent"
    }
  ]
}