{
  "name": "Masonry Tools",
  "sprite": "Masonry Tools.png",
  "shape": [
    "X"
  ],
  "rarity": "Legendary",
  "type": [
    "Accessory"
  ],
  "supported_characters": [
    "CR8"
  ],
  "use_costs": {
    "energy": 0
  },
  "use_limits": {
    "perCombat": 1
  },
  "animation": "Attack",
  "create_effects": [
    {
      "trigger": "onUse",
      "create_type": "set",
      "create_areas": [
        "row"
      ],
      "create_items": [
        {
          "BaseGameExport": "BRICK"
        }
      ],
      "description": "Creates a brick in this row"
    }
  ]
}