{
  "name": "Matryoshka",
  "sprite": "Matryoshka.png",
  "shape": [
    "X"
  ],
  "rarity": "Common",
  "type": [
    "Accessory",
    "Curse"
  ],
  "supported_characters": [
    "Purse",
    "Satchel",
    "CR8",
    "Pochette"
  ],
  "animation": "Attack",
  "create_effects": [
    {
      "trigger": "onTurnStart",
      "create_type": "inOpenSpace",
      "create_areas": [
        "adjacent"
      ],
      "create_items": [
        {
          "BaseGameExport": "MATRYOSHKA"
        }
      ],
      "create_rarities": [
        "Common",
        "Uncommon",
        "Rare",
        "Legendary"
      ],
      "description": "Creates Matryoshkas in empty adjacent spaces"
    }
  ],
  "item_status_effects": [
    {
      "type": "cantBeSold",
      "value": 0,
      "length": "permanent"
    }
  ]
}