{
  "name": "Meal",
  "sprite": [
    "Meal_0.png",
    "Meal_1.png"
  ],
  "shape": [
    "XX"
  ],
  "rarity": "Common",
  "type": [
    "Consumable"
  ],
  "supported_characters": [
    "Purse",
    "Satchel",
    "CR8",
    "Pochette"
  ],
  "use_costs": {
    "energy": 0
  },
  "use_limits": {
    "total": 2
  },
  "combat_effects": [
    {
      "trigger": "onUse",
      "type": "AP",
      "value": 2,
      "target": "player"
    }
  ],
  "modifiers": [
    {
      "trigger": "onOutOfUses",
      "effects": [
        {
          "type": "Destroy"
        }
      ],
      "stackable": false
    }
  ]
}