{
  "name": "Mechanized Toy",
  "sprite": "Mechanized Toy.png",
  "shape": [
    "XX",
    "XX"
  ],
  "rarity": "Common",
  "type": [
    "Accessory"
  ],
  "supported_characters": [
    "Purse",
    "Satchel",
    "Pochette"
  ],
  "use_costs": {
    "energy": 0
  },
  "use_limits": {
    "perCombat": 1
  },
  "movable": {
    "area": "board",
    "place_on_type_combat": "Any"
  },
  "combat_effects": [
    {
      "trigger": "onUse",
      "type": "Rage",
      "value": 1,
      "target": "player"
    }
  ],
  "modifiers": [
    {
      "trigger": "constant",
      "effects": [
        {
          "type": "Rage",
          "value": {
            "replace_with": "getSizeOfItem",
            "multiplier": 2,
            "check_types": [
              "Any"
            ],
            "check_areas": [
              "myPlaySpace"
            ]
          }
        }
      ],
      "description": "Adds /x rage for each space the destroyed items occupied"
    },
    {
      "trigger": "onUse",
      "mod_area": [
        "myPlaySpace"
      ],
      "effects": [
        {
          "type": "Destroy"
        }
      ]
    }
  ],
  "item_status_effects": [
    {
      "type": "canBeMovedInCombat",
      "value": 0,
      "length": "permanent"
    }
  ]
}