{
  "name": "Metallic Wand",
  "sprite": "Metallic Wand.png",
  "shape": [
    "-X",
    "X-"
  ],
  "flavor": "A static feeling runs through the pads of your paw",
  "rarity": "Uncommon",
  "type": [
    "Wand",
    "Weapon"
  ],
  "group": [
    "Magic"
  ],
  "supported_characters": [
    "Purse",
    "Satchel",
    "CR8",
    "Pochette"
  ],
  "use_costs": {
    "mana": 1
  },
  "animation": "Attack",
  "combat_effects": [
    {
      "trigger": "onUse",
      "type": "Damage",
      "value": 1,
      "target": "enemy"
    }
  ],
  "modifiers": [
    {
      "trigger": "constant",
      "trigger_on_type": [
        "ManaStone"
      ],
      "trigger_area": [
        "connected"
      ],
      "effects": [
        {
          "type": "Damage",
          "value": 1
        }
      ]
    }
  ],
  "item_status_effects": [
    {
      "type": "projectile",
      "value": 0,
      "length": "permanent"
    },
    {
      "type": "conductive",
      "value": 0,
      "length": "permanent"
    },
    {
      "type": "canBeForged",
      "value": 2,
      "length": "permanent"
    }
  ]
}