{
  "name": "Milk Cap",
  "sprite": "Milk Cap.png",
  "shape": [
    "X"
  ],
  "rarity": "Uncommon",
  "type": [
    "Plant",
    "Carving"
  ],
  "supported_characters": [
    "Tote"
  ],
  "movable": {
    "area": "board"
  },
  "modifiers": [
    {
      "trigger": "onSummonCarving",
      "mod_area": [
        "adjacent"
      ],
      "effects": [
        {
          "type": "resetUsesPerCombat",
          "value": 3
        }
      ],
      "mod_types": [
        "Carving"
      ],
      "stackable": false,
      "description": "Adjacent carvings are refreshed and can be used again this combat"
    }
  ],
  "carving": {
    "summon_costs": {
      "energy": 0
    }
  }
}