{
  "name": "Mirror Shield",
  "sprite": "Mirror Shield.png",
  "shape": [
    "X",
    "X"
  ],
  "rarity": "Legendary",
  "type": [
    "Shield"
  ],
  "group": [
    "Shield"
  ],
  "supported_characters": [
    "Purse",
    "Satchel",
    "CR8",
    "Pochette"
  ],
  "use_costs": {
    "energy": 1
  },
  "animation": "Block",
  "combat_effects": [
    {
      "trigger": "onUse",
      "type": "Block",
      "value": 6,
      "target": "player"
    },
    {
      "trigger": "onUse",
      "type": "Spikes",
      "value": -2,
      "target": "enemy"
    },
    {
      "trigger": "onUse",
      "type": "Rage",
      "value": -2,
      "target": "enemy"
    }
  ],
  "item_status_effects": [
    {
      "type": "canBeForged",
      "value": 3,
      "length": "permanent"
    }
  ]
}