{
  "name": "Mistletoe",
  "sprite": "Mistletoe.png",
  "shape": [
    "X"
  ],
  "rarity": "Rare",
  "type": [
    "Festive",
    "Plant",
    "Accessory"
  ],
  "group": [
    "Festive"
  ],
  "supported_characters": [
    "Purse",
    "Satchel",
    "Tote",
    "CR8"
  ],
  "modifiers": [
    {
      "trigger": "constant",
      "mod_area": [
        "bottom"
      ],
      "effects": [
        {
          "type": "Charm",
          "value": 1
        }
      ],
      "mod_types": [
        "Weapon"
      ],
      "stackable": false,
      "description": "Weapons below get /x charm"
    }
  ]
}