{
  "name": "Moldy Treat",
  "sprite": "Moldy Treat.png",
  "shape": [
    "X"
  ],
  "rarity": "Uncommon",
  "type": [
    "Accessory",
    "Treat"
  ],
  "supported_characters": [
    "Pochette"
  ],
  "combat_effects": [
    {
      "trigger": "onSummonPet",
      "type": "Poison",
      "value": 2,
      "target": "player"
    }
  ],
  "modifiers": [
    {
      "trigger": "constant",
      "effects": [
        {
          "type": "Poison",
          "value": 3,
          "target": "enemy"
        }
      ]
    }
  ]
}