{
  "name": "Moth Bomb",
  "sprite": "Moth Bomb.png",
  "shape": [
    "X"
  ],
  "rarity": "Uncommon",
  "type": [
    "Consumable",
    "Weapon"
  ],
  "supported_characters": [
    "Purse",
    "Pochette",
    "Satchel",
    "CR8"
  ],
  "use_costs": {
    "energy": 0
  },
  "animation": "FireArrow",
  "combat_effects": [
    {
      "trigger": "onUse",
      "type": "Damage",
      "value": 1,
      "target": "enemy"
    }
  ],
  "create_effects": [
    {
      "trigger": "onKillEnemy",
      "create_type": "replace",
      "create_areas": [],
      "create_items": [
        {
          "BaseGameExport": "MOTH BOMB"
        }
      ],
      "create_rarities": [
        "Common",
        "Uncommon",
        "Rare",
        "Legendary"
      ],
      "description": "Replaced with new Moth Bomb"
    }
  ],
  "modifiers": [
    {
      "trigger": "onUse",
      "effects": [
        {
          "type": "Destroy"
        }
      ],
      "stackable": false
    },
    {
      "trigger": "onTurnStart",
      "effects": [
        {
          "type": "Damage",
          "value": 4
        }
      ],
      "length": "forCombat"
    }
  ]
}