{
  "name": "Mouse Wood",
  "sprite": "Mouse Wood.png",
  "shape": [
    "X"
  ],
  "rarity": "Legendary",
  "type": [
    "Relic"
  ],
  "supported_characters": [
    "Purse",
    "Satchel",
    "CR8",
    "Pochette"
  ],
  "animation": "Attack",
  "combat_effects": [
    {
      "trigger": "onTurnStart",
      "type": "AP",
      "target": "player"
    }
  ],
  "modifiers": [
    {
      "trigger": "constant",
      "effects": [
        {
          "type": "AP",
          "value": {
            "replace_with": "numOfItemTypes",
            "multiplier": 0.2,
            "check_types": [
              "GridEmpty"
            ],
            "check_areas": [
              "board"
            ]
          }
        }
      ],
      "stackable": false
    }
  ]
}