{
  "name": "Musical Gem",
  "sprite": "Musical Gem.png",
  "shape": [
    "X"
  ],
  "rarity": "Uncommon",
  "type": [
    "Gem",
    "Accessory"
  ],
  "group": [
    "Charmer",
    "Pacifist"
  ],
  "supported_characters": [
    "Satchel"
  ],
  "animation": "Attack",
  "modifiers": [
    {
      "trigger": "constant",
      "mod_area": [
        "adjacent",
        "diagonal"
      ],
      "effects": [
        {
          "type": "Charm",
          "value": 1
        }
      ],
      "mod_types": [
        "Instrument",
        "Drum"
      ],
      "stackable": false
    }
  ]
}