{
  "name": "Necronomicon",
  "sprite": "Necronomicon.png",
  "shape": [
    "X"
  ],
  "flavor": "The book is bound in fur!",
  "rarity": "Legendary",
  "type": [
    "Magic",
    "Book",
    "Accessory"
  ],
  "group": [
    "Magic",
    "Poison"
  ],
  "supported_characters": [
    "Purse",
    "Satchel",
    "CR8",
    "Pochette"
  ],
  "use_costs": {
    "energy": 1
  },
  "combat_effects": [
    {
      "trigger": "onUse",
      "type": "Poison",
      "value": 3,
      "target": "allEnemies"
    },
    {
      "trigger": "onUse",
      "type": "Mana",
      "value": 2
    }
  ],
  "item_status_effects": [
    {
      "type": "conductive",
      "value": 0,
      "length": "permanent"
    }
  ]
}