{
  "name": "Onion Grass",
  "sprite": "Onion Grass.png",
  "shape": [
    "X",
    "X"
  ],
  "rarity": "Uncommon",
  "type": [
    "Weapon",
    "Treat"
  ],
  "supported_characters": [
    "Pochette"
  ],
  "modifiers": [
    {
      "trigger": "onUse",
      "trigger_on_type": [
        "Weapon"
      ],
      "trigger_area": [
        "adjacent"
      ],
      "effects": [
        {
          "type": "Damage",
          "value": 2
        }
      ],
      "length": "untilUse"
    }
  ]
}