{
  "name": "Orange",
  "sprite": "Orange.png",
  "shape": [
    "X"
  ],
  "rarity": "Uncommon",
  "type": [
    "Consumable"
  ],
  "supported_characters": [
    "Pochette"
  ],
  "use_costs": {
    "energy": 0
  },
  "movable": {
    "area": "board",
    "place_on_type_combat": "Pet"
  },
  "combat_effects": [
    {
      "trigger": "onUse",
      "type": "HP",
      "value": 3,
      "target": "statusFromItem"
    },
    {
      "trigger": "onUse",
      "type": "AP",
      "value": 1,
      "target": "statusFromItem"
    }
  ],
  "modifiers": [
    {
      "trigger": "onUse",
      "effects": [
        {
          "type": "Destroy"
        }
      ],
      "stackable": false
    }
  ],
  "item_status_effects": [
    {
      "type": "canBeMovedInCombat",
      "value": 0,
      "length": "permanent"
    }
  ]
}