{
  "name": "Overgrown Axe",
  "sprite": "Overgrown Axe.png",
  "shape": [
    "XX",
    "X-"
  ],
  "rarity": "Uncommon",
  "type": [
    "Melee",
    "Weapon",
    "Carving"
  ],
  "supported_characters": [
    "Tote"
  ],
  "use_costs": {
    "gold": 2
  },
  "animation": "Attack",
  "movable": {
    "area": "board"
  },
  "combat_effects": [
    {
      "trigger": "onUse",
      "type": "Damage",
      "value": 11,
      "target": "enemy"
    },
    {
      "trigger": "onKillEnemy",
      "type": "DrawToteCarvings",
      "value": 1,
      "target": "player"
    }
  ],
  "item_status_effects": [
    {
      "type": "canBeForged",
      "value": 3,
      "length": "permanent"
    }
  ],
  "carving": {
    "summon_costs": {
      "energy": 0
    }
  }
}