{
  "name": "Pearl",
  "sprite": "Pearl.png",
  "shape": [
    "X"
  ],
  "rarity": "Rare",
  "type": [
    "Gem",
    "Accessory"
  ],
  "supported_characters": [
    "Purse",
    "Satchel",
    "CR8",
    "Pochette"
  ],
  "animation": "Attack",
  "modifiers": [
    {
      "trigger": "constant",
      "mod_area": [
        "oneSpaceOver"
      ],
      "effects": [
        {
          "type": "Damage",
          "value": 4
        }
      ],
      "mod_types": [
        "Weapon"
      ],
      "stackable": false
    }
  ]
}