{
  "name": "Pick Axe",
  "sprite": "Pick Axe.png",
  "shape": [
    "XXX",
    "-X-"
  ],
  "rarity": "Legendary",
  "type": [
    "Melee",
    "Weapon"
  ],
  "supported_characters": [
    "Purse"
  ],
  "use_costs": {
    "energy": 1
  },
  "animation": "Attack",
  "combat_effects": [
    {
      "trigger": "onUse",
      "type": "Damage",
      "value": 1,
      "target": "enemy"
    }
  ],
  "create_effects": [
    {
      "trigger": "onKillNonSummonEnemy",
      "create_type": "byType",
      "create_areas": [
        "board"
      ],
      "create_types": [
        "Gem"
      ],
      "create_rarities": [
        "Common",
        "Uncommon",
        "Rare",
        "Legendary"
      ],
      "description": "Creates a gem"
    }
  ],
  "modifiers": [
    {
      "trigger": "onTurnStart",
      "trigger_on_type": [
        "Gem"
      ],
      "trigger_area": [
        "adjacent"
      ],
      "effects": [
        {
          "type": "Damage",
          "value": 1
        }
      ],
      "length": "forCombat"
    }
  ],
  "item_status_effects": [
    {
      "type": "canBeForged",
      "value": 1,
      "length": "permanent"
    }
  ]
}