{
  "name": "Pins Buckler",
  "sprite": "Pins Buckler.png",
  "shape": [
    "X"
  ],
  "flavor": "What is your pleasure, sir?",
  "rarity": "Uncommon",
  "type": [
    "Scary",
    "Shield"
  ],
  "use_costs": {
    "energy": 1
  },
  "combat_effects": [
    {
      "trigger": "onUse",
      "type": "Block",
      "value": 2,
      "target": "player"
    },
    {
      "trigger": "onTakeDamage",
      "type": "Block",
      "value": 2,
      "target": "player"
    }
  ],
  "modifiers": [
    {
      "trigger": "constant",
      "trigger_on_type": [
        "Scary"
      ],
      "trigger_area": [
        "adjacent"
      ],
      "effects": [
        {
          "type": "Block",
          "value": 3
        }
      ]
    }
  ]
}