{
  "name": "Plasma Sword",
  "sprite": "Plasma Sword.png",
  "shape": [
    "X",
    "X",
    "X"
  ],
  "rarity": "Rare",
  "type": [
    "Melee",
    "Weapon"
  ],
  "supported_characters": [
    "Purse",
    "Satchel",
    "CR8",
    "Pochette"
  ],
  "use_costs": {
    "energy": 0
  },
  "use_limits": {
    "perTurn": 1
  },
  "animation": "Attack",
  "combat_effects": [
    {
      "trigger": "onUse",
      "type": "Damage",
      "value": 7,
      "target": "enemy"
    }
  ],
  "modifiers": [
    {
      "trigger": "constant",
      "mod_area": [
        "topRotational"
      ],
      "effects": [
        {
          "type": "Damage",
          "value": 3
        }
      ],
      "mod_types": [
        "Weapon"
      ],
      "mod_distance": "adjacent",
      "stackable": false
    }
  ],
  "item_status_effects": [
    {
      "type": "canBeForged",
      "value": 3,
      "length": "permanent"
    }
  ]
}