{
  "name": "Plate Armor",
  "sprite": "Plate Armor.png",
  "shape": [
    "XX",
    "XX"
  ],
  "rarity": "Rare",
  "type": [
    "Clothing",
    "Armor"
  ],
  "group": [
    "Armored"
  ],
  "supported_characters": [
    "Purse",
    "Satchel",
    "CR8",
    "Pochette"
  ],
  "animation": "Attack",
  "combat_effects": [
    {
      "trigger": "onTurnStart",
      "type": "Block",
      "value": 8,
      "target": "player"
    },
    {
      "trigger": "onTurnStart",
      "type": "Slow",
      "value": 1,
      "target": "player"
    }
  ],
  "item_status_effects": [
    {
      "type": "canBeForged",
      "value": 3,
      "length": "permanent"
    }
  ]
}