{
  "name": "Poison Whetstone",
  "sprite": "Poison Whetstone.png",
  "shape": [
    "X"
  ],
  "rarity": "Rare",
  "type": [
    "Accessory"
  ],
  "group": [
    "Poison"
  ],
  "supported_characters": [
    "Purse",
    "Satchel",
    "CR8",
    "Pochette"
  ],
  "use_costs": {
    "energy": 1
  },
  "use_limits": {
    "perTurn": 1
  },
  "combat_effects": [
    {
      "trigger": "onUse",
      "type": "Poison",
      "value": 1,
      "target": "player"
    }
  ],
  "modifiers": [
    {
      "trigger": "onUse",
      "mod_area": [
        "row"
      ],
      "effects": [
        {
          "type": "Poison",
          "value": 3
        }
      ],
      "mod_types": [
        "Weapon"
      ],
      "length": "forCombat"
    }
  ]
}