{
  "name": "Poison Potion",
  "sprite": "Poison Potion.png",
  "shape": [
    "X"
  ],
  "rarity": "Common",
  "type": [
    "Potion",
    "Consumable"
  ],
  "group": [
    "Poison"
  ],
  "use_costs": {
    "energy": 0
  },
  "combat_effects": [
    {
      "trigger": "onUse",
      "type": "Poison",
      "value": 6,
      "target": "allEnemies"
    }
  ],
  "modifiers": [
    {
      "trigger": "onUse",
      "effects": [
        {
          "type": "Destroy"
        }
      ],
      "stackable": false
    }
  ]
}