{
  "name": "Prada's Locket",
  "sprite": "Prada's Locket.png",
  "shape": [
    "X"
  ],
  "flavor": "It belonged to your mother. There's something inside it, but only your mother knew how to open it!",
  "rarity": "Legendary",
  "type": [
    "Accessory"
  ],
  "group": [
    "Shield"
  ],
  "supported_characters": [
    "Purse",
    "Satchel",
    "CR8",
    "Pochette"
  ],
  "use_costs": {
    "energy": 1
  },
  "animation": "Block",
  "item_status_effects": [
    {
      "type": "cannotBeLeft",
      "value": 4,
      "length": "permanent"
    }
  ]
}