{
  "name": "Propagation Station",
  "sprite": "Propagation Station.png",
  "shape": [
    "XX"
  ],
  "rarity": "Legendary",
  "type": [
    "Melee",
    "Weapon",
    "Carving"
  ],
  "supported_characters": [
    "Tote"
  ],
  "use_costs": {
    "energy": 1
  },
  "animation": "Attack",
  "movable": {
    "area": "board"
  },
  "combat_effects": [
    {
      "trigger": "onUse",
      "type": "Damage",
      "value": 9,
      "target": "enemy"
    },
    {
      "trigger": "onSummonCarving",
      "type": "Damage",
      "value": 9,
      "target": "enemy"
    }
  ],
  "modifiers": [
    {
      "trigger": "onKillEnemy",
      "effects": [
        {
          "type": "DiscardCarving"
        }
      ],
      "stackable": false
    },
    {
      "trigger": "onSummonCarving",
      "effects": [
        {
          "type": "Damage",
          "value": 1,
          "target": "enemy"
        }
      ],
      "length": "forCombat"
    }
  ],
  "carving": {
    "summon_costs": {
      "energy": 0
    }
  }
}