{
  "name": "Pumpkin",
  "sprite": "Pumpkin.png",
  "shape": [
    "XX"
  ],
  "rarity": "Uncommon",
  "type": [
    "Scary",
    "Consumable"
  ],
  "use_costs": {
    "energy": 0
  },
  "combat_effects": [
    {
      "trigger": "onUse",
      "type": "Block",
      "value": 15,
      "target": "player"
    },
    {
      "trigger": "onUse",
      "type": "AP",
      "value": 1,
      "target": "player"
    }
  ],
  "modifiers": [
    {
      "trigger": "onUse",
      "effects": [
        {
          "type": "Destroy"
        }
      ],
      "stackable": false
    }
  ]
}