{
  "name": "Rafflesia Shield",
  "sprite": "Rafflesia Shield.png",
  "shape": [
    "XX",
    "XX"
  ],
  "rarity": "Common",
  "type": [
    "Shield",
    "Carving",
    "Curse"
  ],
  "supported_characters": [
    "Tote"
  ],
  "movable": {
    "area": "board"
  },
  "combat_effects": [
    {
      "trigger": "whenNotPlayed",
      "type": "Poison",
      "value": 3,
      "target": "player"
    },
    {
      "trigger": "onSummonCarving",
      "type": "Block",
      "value": 10,
      "target": "player"
    }
  ],
  "item_status_effects": [
    {
      "type": "cantBeSold",
      "value": 0,
      "length": "permanent"
    }
  ],
  "carving": {
    "summon_costs": {
      "energy": 1
    }
  }
}