{
  "name": "Rare Herb",
  "sprite": "Rare Herb.png",
  "shape": [
    "X"
  ],
  "rarity": "Rare",
  "type": [
    "Consumable"
  ],
  "supported_characters": [
    "Purse",
    "Satchel",
    "CR8",
    "Pochette"
  ],
  "use_costs": {
    "energy": 0
  },
  "combat_effects": [
    {
      "trigger": "onUse",
      "type": "MaxHP",
      "value": 3,
      "target": "player"
    }
  ],
  "modifiers": [
    {
      "trigger": "onUse",
      "effects": [
        {
          "type": "Destroy"
        }
      ],
      "stackable": false
    }
  ]
}