{
  "name": "Reading Glasses",
  "sprite": "Reading Glasses.png",
  "shape": [
    "X"
  ],
  "rarity": "Legendary",
  "type": [
    "Magic",
    "Accessory"
  ],
  "use_costs": {
    "energy": 0
  },
  "use_limits": {
    "perTurn": 1
  },
  "modifiers": [
    {
      "trigger": "onUse",
      "mod_area": [
        "adjacent"
      ],
      "effects": [
        {
          "type": "Activate",
          "value": 1
        }
      ],
      "mod_types": [
        "Book"
      ]
    },
    {
      "trigger": "onTakeDamage",
      "effects": [
        {
          "type": "Destroy",
          "value": 1
        }
      ]
    }
  ]
}