{
  "name": "Red Pearl",
  "sprite": "Red Pearl.png",
  "shape": [
    "X"
  ],
  "rarity": "Legendary",
  "type": [
    "Gem",
    "Accessory"
  ],
  "supported_characters": [
    "Purse",
    "Satchel",
    "CR8",
    "Pochette"
  ],
  "animation": "Attack",
  "modifiers": [
    {
      "trigger": "constant",
      "mod_area": [
        "diagonalLine"
      ],
      "effects": [
        {
          "type": "Damage",
          "value": 3
        }
      ],
      "mod_types": [
        "Weapon"
      ],
      "stackable": false,
      "description": "Weapons along a diagonal line get /x damage"
    }
  ]
}