{
  "name": "Red Hoodie",
  "sprite": "Red Hoodie.png",
  "shape": [
    "XX",
    "XX"
  ],
  "flavor": "A leftover from before Orderia?  The spiders that spun this thread must have been strange indeed!",
  "rarity": "Legendary",
  "type": [
    "Clothing",
    "Armor"
  ],
  "supported_characters": [
    "Purse",
    "Satchel",
    "CR8",
    "Pochette"
  ],
  "animation": "Attack",
  "combat_effects": [
    {
      "trigger": "onTakeDamage",
      "type": "MaxHP",
      "value": 3,
      "target": "player"
    }
  ],
  "modifiers": [
    {
      "trigger": "onTakeDamage",
      "effects": [
        {
          "type": "ItemStatusEffect",
          "item_status_effects": [
            {
              "apply_immediately": true,
              "type": "disabled",
              "value": 1,
              "length": "combats"
            }
          ]
        }
      ],
      "stackable": false
    }
  ]
}