{
  "name": "Regen Potion",
  "sprite": "Regen Potion.png",
  "shape": [
    "X"
  ],
  "rarity": "Uncommon",
  "type": [
    "Consumable"
  ],
  "use_costs": {
    "energy": 0
  },
  "combat_effects": [
    {
      "trigger": "onUse",
      "type": "Regen",
      "value": 6,
      "target": "player"
    }
  ],
  "modifiers": [
    {
      "trigger": "onUse",
      "effects": [
        {
          "type": "Destroy"
        }
      ],
      "stackable": false
    }
  ]
}