{
  "name": "Regenerative Whetstone",
  "sprite": "Regenerative Whetstone.png",
  "shape": [
    "X"
  ],
  "rarity": "Legendary",
  "type": [
    "Accessory"
  ],
  "supported_characters": [
    "Purse",
    "Satchel",
    "CR8",
    "Pochette"
  ],
  "use_costs": {
    "energy": 1
  },
  "use_limits": {
    "perTurn": 1
  },
  "modifiers": [
    {
      "trigger": "onUse",
      "mod_area": [
        "adjacent"
      ],
      "effects": [
        {
          "type": "HP",
          "value": 1,
          "target": "player"
        }
      ],
      "mod_types": [
        "Weapon"
      ],
      "length": "forCombat"
    }
  ]
}