{
  "name": "Robin's Bow",
  "sprite": "Robin's Bow.png",
  "shape": [
    "XX",
    "XX",
    "XX"
  ],
  "rarity": "Legendary",
  "type": [
    "Bow"
  ],
  "supported_characters": [
    "Satchel"
  ],
  "use_costs": {
    "energy": 1
  },
  "animation": "Attack",
  "modifiers": [
    {
      "trigger": "onUse",
      "mod_area": [
        "inAnotherPocket"
      ],
      "effects": [
        {
          "type": "Activate"
        }
      ],
      "mod_types": [
        "Arrow"
      ],
      "stackable": false
    }
  ],
  "item_status_effects": [
    {
      "type": "canBeForged",
      "value": 2,
      "length": "permanent"
    }
  ]
}