{
  "name": "Rocket",
  "sprite": "Rocket.png",
  "shape": [
    "X",
    "X"
  ],
  "rarity": "Uncommon",
  "type": [
    "Weapon"
  ],
  "supported_characters": [
    "Purse",
    "Satchel",
    "CR8"
  ],
  "use_costs": {
    "energy": 1
  },
  "animation": "Attack",
  "combat_effects": [
    {
      "trigger": "onDestroy",
      "type": "Damage",
      "target": "allEnemies"
    }
  ],
  "modifiers": [
    {
      "trigger": "onMoveFinish",
      "effects": [
        {
          "type": "Destroy"
        }
      ],
      "stackable": false
    },
    {
      "trigger": "onMovePast",
      "effects": [
        {
          "type": "Damage",
          "value": 10
        }
      ],
      "length": "permanent"
    }
  ],
  "movement_effects": [
    {
      "trigger": "onUse",
      "y": 1.0,
      "movement_type": "local",
      "movement_length": "untilHit"
    }
  ]
}