{
  "name": "Rough Whetstone",
  "sprite": "Rough Whetstone.png",
  "shape": [
    "X"
  ],
  "rarity": "Common",
  "type": [
    "Accessory"
  ],
  "group": [
    "Berserker"
  ],
  "supported_characters": [
    "Purse",
    "Satchel",
    "CR8",
    "Pochette"
  ],
  "use_costs": {
    "energy": 1
  },
  "modifiers": [
    {
      "trigger": "onUse",
      "mod_area": [
        "adjacent"
      ],
      "effects": [
        {
          "type": "Damage",
          "value": 3
        }
      ],
      "mod_types": [
        "Weapon"
      ],
      "length": "forTurn"
    }
  ]
}