{
  "name": "Antler",
  "sprite": "Antler.png",
  "shape": [
    "X",
    "X"
  ],
  "flavor": "Noctua turned the solid ground wet and the burning oak against them",
  "rarity": "Common",
  "type": [
    "Weapon",
    "Curse"
  ],
  "group": [
    "Melee"
  ],
  "supported_characters": [
    "Satchel"
  ],
  "use_costs": {
    "energy": 1
  },
  "animation": "Attack",
  "combat_effects": [
    {
      "trigger": "onUse",
      "type": "Damage",
      "value": 9.0,
      "target": "enemy"
    }
  ],
  "modifiers": [
    {
      "trigger": "constant",
      "trigger_area": [
        "inThisPocket"
      ],
      "effects": [
        {
          "type": "Damage",
          "value": 1.0,
          "target": "player"
        }
      ]
    }
  ],
  "item_status_effects": [
    {
      "type": "cantBeSold",
      "value": 0.0,
      "length": "permanent"
    }
  ]
}