{
  "name": "Archangel Wings",
  "sprite": "Archangel Wings.png",
  "shape": [
    "XAX"
  ],
  "flavor": "They have a mind of their own!",
  "rarity": "Legendary",
  "type": [
    "Accessory"
  ],
  "supported_characters": [
    "Purse",
    "Satchel",
    "CR8",
    "Pochette"
  ],
  "animation": "Attack",
  "modifiers": [
    {
      "trigger": "onTurnStart",
      "mod_area": [
        "ItemEffectArea"
      ],
      "effects": [
        {
          "type": "Activate"
        }
      ],
      "stackable": false,
      "description": "The item between the wings is used"
    }
  ],
  "add_modifiers": [
    {
      "trigger": "constant",
      "addmod_area": [
        "ItemEffectArea"
      ],
      "modifier": {
        "trigger": "useLate",
        "effects": [
          {
            "type": "ItemStatusEffect",
            "item_status_effects": [
              {
                "type": "disabled",
                "value": 1.0,
                "length": "turns"
              }
            ]
          }
        ],
        "stackable": false
      },
      "addmod_length": "whileActive",
      "description": "The item between the wings gets this effect applied"
    }
  ]
}