{
  "name": "Ballista",
  "sprite": "Ballista.png",
  "shape": [
    "XX"
  ],
  "rarity": "Legendary",
  "type": [
    "Weapon",
    "Bow"
  ],
  "group": [
    "Archery",
    "Destructibles"
  ],
  "supported_characters": [
    "Purse"
  ],
  "use_costs": {
    "energy": 1
  },
  "animation": "FireArrow",
  "combat_effects": [
    {
      "trigger": "onUse",
      "type": "Damage",
      "target": "enemy"
    }
  ],
  "modifiers": [
    {
      "trigger": "onUse",
      "mod_area": [
        "leftRotational"
      ],
      "effects": [
        {
          "type": "Destroy"
        }
      ],
      "mod_distance": "closest",
      "stackable": false
    },
    {
      "trigger": "constant",
      "effects": [
        {
          "type": "Damage",
          "value": {
            "replace_with": "getSizeOfItem",
            "multiplier": 15.0,
            "check_areas": [
              "leftRotational"
            ],
            "area_distance": "closest"
          }
        }
      ],
      "mod_distance": "closest",
      "stackable": false
    }
  ],
  "item_status_effects": [
    {
      "type": "projectile",
      "value": 0.0,
      "length": "permanent"
    }
  ]
}