{
  "name": "Banner Shield",
  "sprite": "Banner Shield.png",
  "shape": [
    "X",
    "X"
  ],
  "rarity": "Uncommon",
  "type": [
    "Shield",
    "Carving"
  ],
  "supported_characters": [
    "Tote"
  ],
  "animation": "Block",
  "movable": {
    "area": "board"
  },
  "combat_effects": [
    {
      "trigger": "onSummonCarving",
      "type": "Block",
      "value": 14.0,
      "target": "player"
    }
  ],
  "item_status_effects": [
    {
      "type": "Natural",
      "value": 0.0,
      "length": "permanent"
    },
    {
      "type": "canBeForged",
      "value": 2.0,
      "length": "permanent"
    }
  ],
  "carving": {
    "summon_costs": {
      "energy": 1
    }
  }
}