{
  "name": "Banshee Buckler",
  "sprite": "Banshee Buckler.png",
  "shape": [
    "X"
  ],
  "rarity": "Uncommon",
  "type": [
    "Shield"
  ],
  "supported_characters": [
    "Purse",
    "Satchel",
    "CR8",
    "Pochette"
  ],
  "use_costs": {
    "energy": 1
  },
  "combat_effects": [
    {
      "trigger": "onUse",
      "type": "Block",
      "value": 2.0,
      "target": "player"
    }
  ],
  "modifiers": [
    {
      "trigger": "constant",
      "trigger_on_type": [
        "GridEmpty"
      ],
      "trigger_area": [
        "diagonal"
      ],
      "effects": [
        {
          "type": "Block",
          "value": 2.0
        }
      ]
    }
  ],
  "item_status_effects": [
    {
      "type": "ghostly",
      "value": 0.0,
      "length": "permanent"
    }
  ]
}