{
  "name": "Battle Ring",
  "sprite": "Battle Ring.png",
  "shape": [
    "X"
  ],
  "rarity": "Common",
  "type": [
    "Magic",
    "Ring",
    "Accessory"
  ],
  "group": [
    "Magic",
    "Melee"
  ],
  "supported_characters": [
    "Purse",
    "Satchel",
    "CR8",
    "Pochette"
  ],
  "use_costs": {
    "mana": 1
  },
  "use_limits": {
    "perTurn": 1
  },
  "modifiers": [
    {
      "trigger": "onUse",
      "mod_area": [
        "adjacent"
      ],
      "effects": [
        {
          "type": "Damage",
          "value": 1.0
        }
      ],
      "mod_types": [
        "Weapon"
      ],
      "length": "forCombat"
    }
  ],
  "item_status_effects": [
    {
      "type": "conductive",
      "value": 0.0,
      "length": "permanent"
    }
  ]
}