{
  "name": "Beast's Ring",
  "sprite": "Beast's Ring.png",
  "shape": [
    "X"
  ],
  "flavor": "He who haunts the dungeon",
  "rarity": "Common",
  "type": [
    "Ring",
    "Accessory",
    "Curse"
  ],
  "supported_characters": [
    "Purse",
    "Satchel",
    "CR8",
    "Pochette"
  ],
  "animation": "Attack",
  "combat_effects": [
    {
      "trigger": "onTurnStart",
      "type": "Damage",
      "value": 1.0,
      "target": "player"
    }
  ],
  "modifiers": [
    {
      "trigger": "constant",
      "mod_area": [
        "adjacent"
      ],
      "effects": [
        {
          "type": "Damage",
          "value": 1.0
        }
      ],
      "mod_types": [
        "Melee"
      ],
      "stackable": false
    }
  ],
  "item_status_effects": [
    {
      "type": "cantBeSold",
      "value": 0.0,
      "length": "permanent"
    }
  ]
}