{
  "name": "Belt Of Dreams",
  "sprite": "Belt Of Dreams.png",
  "shape": [
    "X",
    "X"
  ],
  "rarity": "Rare",
  "type": [
    "Weapon",
    "Carving"
  ],
  "supported_characters": [
    "Tote"
  ],
  "movable": {
    "area": "board"
  },
  "combat_effects": [
    {
      "trigger": "onUse",
      "type": "Damage",
      "value": 3.0,
      "target": "enemy"
    }
  ],
  "modifiers": [
    {
      "trigger": "onSummonCarving",
      "trigger_on_type": [
        "Carving"
      ],
      "trigger_area": [
        "adjacent"
      ],
      "effects": [
        {
          "type": "Activate"
        }
      ],
      "stackable": false
    }
  ],
  "item_status_effects": [
    {
      "type": "canBeForged",
      "value": 1.0,
      "length": "permanent"
    }
  ],
  "carving": {
    "summon_costs": {
      "energy": 1
    }
  }
}