{
  "name": "Berserker's Ring",
  "sprite": "Berserker's Ring.png",
  "shape": [
    "X"
  ],
  "rarity": "Legendary",
  "type": [
    "Ring",
    "Accessory"
  ],
  "group": [
    "Melee"
  ],
  "supported_characters": [
    "Satchel",
    "Purse",
    "Tote",
    "Pochette"
  ],
  "animation": "Attack",
  "combat_effects": [
    {
      "trigger": "onTurnStart",
      "type": "AP",
      "value": 1.0
    }
  ],
  "modifiers": [
    {
      "trigger": "constant",
      "trigger_on_type": [
        "Armor",
        "Shield"
      ],
      "trigger_area": [
        "board"
      ],
      "effects": [
        {
          "type": "ItemStatusEffect",
          "value": -1.0,
          "item_status_effects": [
            {
              "type": "disabled",
              "value": 0.0,
              "length": "whileActive"
            }
          ]
        }
      ],
      "stackable": false
    }
  ],
  "item_status_effects": [
    {
      "type": "canBeForged",
      "value": 1.0,
      "length": "permanent"
    }
  ]
}