{
  "name": "Blossom Band",
  "sprite": "Blossom Band.png",
  "shape": [
    "X"
  ],
  "rarity": "Uncommon",
  "type": [
    "Magic",
    "Ring",
    "Accessory",
    "Carving"
  ],
  "supported_characters": [
    "Tote"
  ],
  "animation": "Attack",
  "movable": {
    "area": "board"
  },
  "combat_effects": [
    {
      "trigger": "whenManaFlowsThrough",
      "type": "DrawToteCarvings",
      "value": 1.0,
      "target": "enemy"
    }
  ],
  "modifiers": [
    {
      "trigger": "whenManaFlowsThrough",
      "effects": [
        {
          "type": "DiscardCarving"
        }
      ],
      "stackable": false
    }
  ],
  "item_status_effects": [
    {
      "type": "conductive",
      "value": 0.0,
      "length": "permanent"
    }
  ],
  "carving": {
    "summon_costs": {
      "energy": 0
    }
  }
}