{
  "name": "Bongos",
  "sprite": "Bongos.png",
  "shape": [
    "XX"
  ],
  "rarity": "Uncommon",
  "type": [
    "Drum"
  ],
  "group": [
    "Charmer",
    "Pacifist"
  ],
  "supported_characters": [
    "Satchel"
  ],
  "use_costs": {
    "energy": 1
  },
  "soundeffect": "cymbal",
  "combat_effects": [
    {
      "trigger": "onTurnStart",
      "needs_activation": true,
      "type": "Charm",
      "value": 6.0,
      "target": "enemy"
    }
  ],
  "modifiers": [
    {
      "trigger": "onUse",
      "effects": [
        {
          "type": "ItemStatusEffect",
          "value": 3.0,
          "item_status_effects": [
            {
              "type": "isActivated",
              "value": 1.0,
              "length": "combats"
            }
          ]
        }
      ],
      "stackable": false
    }
  ]
}