{
  "name": "Boo-Hoo Buckler",
  "sprite": "Boo-Hoo Buckler.png",
  "shape": [
    "X"
  ],
  "rarity": "Uncommon",
  "type": [
    "Shield"
  ],
  "group": [
    "Spikes"
  ],
  "supported_characters": [
    "Purse",
    "Satchel",
    "CR8",
    "Pochette"
  ],
  "combat_effects": [
    {
      "trigger": "onTakeDamage",
      "type": "Block",
      "value": 9.0,
      "target": "player"
    }
  ],
  "item_status_effects": [
    {
      "type": "canBeForged",
      "value": 1.0,
      "length": "permanent"
    }
  ]
}