{
  "name": "Book Of Nightmares",
  "sprite": "Book Of Nightmares.png",
  "shape": [
    "X"
  ],
  "rarity": "Legendary",
  "type": [
    "Magic",
    "Book",
    "Accessory",
    "Carving"
  ],
  "supported_characters": [
    "Tote"
  ],
  "movable": {
    "area": "board"
  },
  "combat_effects": [
    {
      "trigger": "onSummonCarving",
      "type": "Weak",
      "value": 100.0,
      "target": "allEnemies"
    },
    {
      "trigger": "onDiscard",
      "type": "Weak",
      "value": -100.0,
      "target": "allEnemies"
    }
  ],
  "modifiers": [
    {
      "trigger": "onTurnStart",
      "effects": [
        {
          "type": "DiscardCarving",
          "value": 1.0
        }
      ]
    }
  ],
  "item_status_effects": [
    {
      "type": "conductive",
      "value": 0.0,
      "length": "permanent"
    }
  ],
  "carving": {
    "summon_costs": {
      "mana": 2
    }
  }
}