{
  "name": "Brick",
  "sprite": "Brick.png",
  "shape": [
    "X"
  ],
  "rarity": "Common",
  "type": [
    "Structure"
  ],
  "group": [
    "Structure"
  ],
  "supported_characters": [
    "Purse",
    "Satchel",
    "CR8"
  ],
  "animation": "Attack",
  "combat_effects": [
    {
      "trigger": "onTurnStart",
      "type": "Block",
      "target": "player"
    }
  ],
  "modifiers": [
    {
      "trigger": "constant",
      "trigger_on_type": [
        "Structure"
      ],
      "trigger_area": [
        "adjacent"
      ],
      "effects": [
        {
          "type": "Block",
          "value": 1.0
        }
      ]
    }
  ],
  "item_status_effects": [
    {
      "type": "heavy",
      "value": 0.0,
      "length": "permanent"
    },
    {
      "type": "canBeForged",
      "value": 1.0,
      "length": "permanent"
    }
  ]
}