{
  "name": "Chef's Hat",
  "sprite": "Chef's Hat.png",
  "shape": [
    "X"
  ],
  "rarity": "Legendary",
  "type": [
    "Helmet",
    "Armor"
  ],
  "group": [
    "Cleavers"
  ],
  "supported_characters": [
    "Purse"
  ],
  "animation": "Attack",
  "combat_effects": [
    {
      "trigger": "onTurnStart",
      "type": "Block",
      "value": 1.0,
      "target": "player"
    }
  ],
  "modifiers": [
    {
      "trigger": "constant",
      "trigger_on_type": [
        "Grid"
      ],
      "trigger_area": [
        "top"
      ],
      "effects": [
        {
          "type": "Block",
          "value": -1.0
        }
      ],
      "stackable": false
    },
    {
      "trigger": "constant",
      "mod_area": [
        "bottom"
      ],
      "effects": [
        {
          "type": "Damage",
          "value": 0,
          "math": "mul"
        }
      ],
      "mod_types": [
        "Cleaver"
      ],
      "stackable": false
    }
  ],
  "item_status_effects": [
    {
      "type": "canBeForged",
      "value": 1.0,
      "length": "permanent"
    }
  ]
}