{
  "name": "Cicada Shell",
  "sprite": "Cicada Shell.png",
  "shape": [
    "XX",
    "XX"
  ],
  "rarity": "Common",
  "type": [
    "Accessory",
    "Treat",
    "Curse"
  ],
  "supported_characters": [
    "Pochette"
  ],
  "combat_effects": [
    {
      "trigger": "onTurnStart",
      "type": "Dodge",
      "value": 1.0,
      "target": "player"
    },
    {
      "trigger": "onTakeDamage",
      "type": "Damage",
      "value": 999.0,
      "target": "player"
    }
  ],
  "item_status_effects": [
    {
      "type": "cantBeSold",
      "value": 0.0,
      "length": "permanent"
    }
  ]
}