{
  "name": "Citrine",
  "sprite": "Citrine.png",
  "shape": [
    "X"
  ],
  "rarity": "Uncommon",
  "type": [
    "Gem",
    "Accessory"
  ],
  "supported_characters": [
    "Purse",
    "Satchel",
    "CR8",
    "Pochette"
  ],
  "animation": "Attack",
  "modifiers": [
    {
      "trigger": "constant",
      "mod_area": [
        "bottomRotation"
      ],
      "effects": [
        {
          "type": "Damage",
          "value": 3.0
        }
      ],
      "mod_types": [
        "Weapon"
      ],
      "mod_distance": "adjacent",
      "stackable": false
    }
  ]
}