{
  "name": "Clarinet",
  "sprite": "Clarinet.png",
  "shape": [
    "X",
    "X",
    "X"
  ],
  "rarity": "Uncommon",
  "type": [
    "Instrument"
  ],
  "group": [
    "Charmer",
    "Pacifist"
  ],
  "supported_characters": [
    "Satchel"
  ],
  "use_costs": {
    "energy": 1
  },
  "soundeffect": "trumpet",
  "combat_effects": [
    {
      "trigger": "onUse",
      "type": "Charm",
      "value": 7.0,
      "target": "enemy"
    }
  ],
  "item_status_effects": [
    {
      "type": "canBeForged",
      "value": 2.0,
      "length": "permanent"
    }
  ]
}