{
  "name": "Cleaver",
  "sprite": "Cleaver.png",
  "shape": [
    "X"
  ],
  "rarity": "Common",
  "type": [
    "Cleaver",
    "Melee",
    "Weapon"
  ],
  "group": [
    "Cleavers"
  ],
  "supported_characters": [
    "Purse"
  ],
  "use_costs": {
    "energy": 1
  },
  "animation": "Attack",
  "combat_effects": [
    {
      "trigger": "onUse",
      "type": "Damage",
      "value": 4.0,
      "target": "enemy"
    }
  ],
  "item_status_effects": [
    {
      "type": "canBeForged",
      "value": 1.0,
      "length": "permanent"
    }
  ]
}