{
  "name": "Cleansing Rag",
  "sprite": "Cleansing Rag.png",
  "shape": [
    "X"
  ],
  "rarity": "Rare",
  "type": [
    "Accessory"
  ],
  "group": [
    "Melee",
    "Poison",
    "Spikes"
  ],
  "supported_characters": [
    "Purse",
    "Satchel",
    "CR8",
    "Pochette"
  ],
  "animation": "Attack",
  "combat_effects": [
    {
      "trigger": "onUse",
      "trigger_on_type": [
        "Weapon"
      ],
      "trigger_area": [
        "adjacent"
      ],
      "type": "Poison",
      "value": -1.0,
      "target": "player"
    }
  ]
}