{
  "name": "Composite Bow",
  "sprite": "Composite Bow.png",
  "shape": [
    "X",
    "X"
  ],
  "flavor": "For the smallest of rodents",
  "rarity": "Common",
  "type": [
    "Bow"
  ],
  "group": [
    "Archery"
  ],
  "supported_characters": [
    "Purse",
    "Satchel",
    "CR8"
  ],
  "use_costs": {
    "energy": 0
  },
  "animation": "FireArrow",
  "modifiers": [
    {
      "trigger": "onUse",
      "mod_area": [
        "rightRotational"
      ],
      "effects": [
        {
          "type": "Activate"
        }
      ],
      "mod_types": [
        "Arrow"
      ],
      "mod_distance": "closest",
      "stackable": false
    },
    {
      "trigger": "onUse",
      "effects": [
        {
          "type": "ItemStatusEffect",
          "value": 1.0,
          "item_status_effects": [
            {
              "type": "AddToEnergyCost",
              "value": 1.0,
              "length": "turns"
            }
          ]
        }
      ],
      "length": "forTurn",
      "stackable": false
    }
  ],
  "item_status_effects": [
    {
      "type": "canBeForged",
      "value": 2.0,
      "length": "permanent"
    }
  ]
}