{
  "name": "Cosmic Crossbow",
  "sprite": "Cosmic Crossbow.png",
  "shape": [
    "X"
  ],
  "rarity": "Uncommon",
  "type": [
    "Bow",
    "Carving"
  ],
  "group": [
    "Archery"
  ],
  "supported_characters": [
    "Tote"
  ],
  "use_costs": {
    "energy": 1
  },
  "animation": "FireArrow",
  "movable": {
    "area": "board"
  },
  "modifiers": [
    {
      "trigger": "onUse",
      "mod_area": [
        "rightRotational"
      ],
      "effects": [
        {
          "type": "Activate"
        }
      ],
      "mod_types": [
        "Arrow"
      ],
      "stackable": false
    },
    {
      "trigger": "constant",
      "mod_area": [
        "rightRotational"
      ],
      "effects": [
        {
          "type": "Damage",
          "value": -1,
          "math": "mul"
        }
      ],
      "mod_types": [
        "Arrow"
      ],
      "stackable": false
    }
  ],
  "item_status_effects": [
    {
      "type": "canBeForged",
      "value": 3.0,
      "length": "permanent"
    },
    {
      "type": "Natural",
      "value": 1.0,
      "length": "permanent"
    }
  ],
  "carving": {
    "summon_costs": {
      "energy": 0
    }
  }
}