{
  "name": "Cup Of Oil",
  "sprite": "Cup Of Oil.png",
  "shape": [
    "X"
  ],
  "rarity": "Common",
  "type": [
    "Consumable"
  ],
  "supported_characters": [
    "CR8"
  ],
  "use_costs": {
    "energy": 0
  },
  "combat_effects": [
    {
      "trigger": "onUse",
      "type": "AP",
      "value": 2.0,
      "target": "player"
    }
  ],
  "create_effects": [
    {
      "trigger": "onDestroy",
      "create_type": "replace",
      "create_items": [
        {
          "BaseGameExport": "EMPTY CUP"
        }
      ],
      "description": "Replaced with an Empty Cup"
    }
  ],
  "modifiers": [
    {
      "trigger": "onUse",
      "effects": [
        {
          "type": "Destroy"
        }
      ],
      "stackable": false
    }
  ]
}