{
  "name": "Dark Wand",
  "sprite": "Dark Wand.png",
  "shape": [
    "-X",
    "X-"
  ],
  "rarity": "Uncommon",
  "type": [
    "Magic",
    "Wand",
    "Weapon"
  ],
  "group": [
    "Magic"
  ],
  "supported_characters": [
    "Purse",
    "Satchel",
    "CR8",
    "Pochette"
  ],
  "use_costs": {
    "mana": 2
  },
  "animation": "Attack",
  "combat_effects": [
    {
      "trigger": "onUse",
      "type": "Damage",
      "value": 14.0,
      "target": "enemy"
    }
  ],
  "item_status_effects": [
    {
      "type": "projectile",
      "value": 0.0,
      "length": "permanent"
    },
    {
      "type": "conductive",
      "value": 0.0,
      "length": "permanent"
    },
    {
      "type": "canBeForged",
      "value": 2.0,
      "length": "permanent"
    }
  ]
}