{
  "name": "Dark Ledger",
  "sprite": "Dark Ledger.png",
  "shape": [
    "X"
  ],
  "rarity": "Rare",
  "type": [
    "Magic",
    "Book",
    "Accessory",
    "Carving"
  ],
  "group": [
    "Magic"
  ],
  "supported_characters": [
    "Tote"
  ],
  "movable": {
    "area": "board"
  },
  "combat_effects": [
    {
      "trigger": "whenAnEnemyIsDefeated",
      "type": "AP",
      "value": 1.0,
      "target": "player"
    }
  ],
  "carving": {
    "summon_costs": {
      "mana": 3
    }
  }
}