{
  "name": "Darts",
  "sprite": "Darts.png",
  "shape": [
    "X"
  ],
  "rarity": "Common",
  "type": [
    "Arrow",
    "Weapon"
  ],
  "animation": "Attack",
  "combat_effects": [
    {
      "trigger": "onUse",
      "type": "Damage",
      "value": 5.0,
      "target": "enemy"
    }
  ],
  "modifiers": [
    {
      "trigger": "onUse",
      "effects": [
        {
          "type": "Destroy"
        }
      ],
      "stackable": false
    }
  ],
  "item_status_effects": [
    {
      "type": "projectile",
      "value": 0.0,
      "length": "permanent"
    }
  ]
}