{
  "name": "Diamond Cleaver",
  "sprite": "Diamond Cleaver.png",
  "shape": [
    "X"
  ],
  "rarity": "Uncommon",
  "type": [
    "Cleaver",
    "Melee",
    "Weapon"
  ],
  "group": [
    "Cleavers"
  ],
  "supported_characters": [
    "Purse"
  ],
  "use_costs": {
    "energy": 1
  },
  "animation": "Attack",
  "combat_effects": [
    {
      "trigger": "onUse",
      "type": "Damage",
      "value": 2.0,
      "target": "enemy"
    },
    {
      "trigger": "onKillNonSummonEnemy",
      "trigger_on_type": [
        "Cleaver"
      ],
      "trigger_area": [
        "board",
        "self"
      ],
      "type": "GetGold",
      "value": 1.0,
      "target": "player"
    }
  ],
  "item_status_effects": [
    {
      "type": "canBeForged",
      "value": 3.0,
      "length": "permanent"
    }
  ]
}