{
  "name": "Dodge Potion",
  "sprite": [
    "Dodge Potion_0.png",
    "Dodge Potion_1.png"
  ],
  "shape": [
    "X"
  ],
  "rarity": "Uncommon",
  "type": [
    "Potion",
    "Consumable"
  ],
  "supported_characters": [
    "Purse",
    "Satchel",
    "CR8",
    "Pochette"
  ],
  "use_costs": {
    "energy": 0
  },
  "use_limits": {
    "total": 2
  },
  "combat_effects": [
    {
      "trigger": "onUse",
      "type": "Dodge",
      "value": 1.0,
      "target": "player"
    }
  ],
  "modifiers": [
    {
      "trigger": "onOutOfUses",
      "effects": [
        {
          "type": "Destroy"
        }
      ],
      "stackable": false
    }
  ]
}