{
  "name": "Dowsing Rod",
  "sprite": "Dowsing Rod.png",
  "shape": [
    "X"
  ],
  "rarity": "Uncommon",
  "type": [
    "Magic",
    "Consumable"
  ],
  "group": [
    "Magic"
  ],
  "use_costs": {
    "energy": 0
  },
  "combat_effects": [
    {
      "trigger": "onCombatEnd",
      "type": "Luck",
      "value": 2.0,
      "target": "player"
    }
  ],
  "create_effects": [
    {
      "trigger": "onUse",
      "create_type": "byType",
      "create_areas": [
        "board"
      ],
      "create_types": [
        "ManaStone"
      ],
      "create_rarities": [
        "Common",
        "Uncommon",
        "Rare",
        "Legendary"
      ],
      "description": "Creates a ManaStone"
    }
  ],
  "modifiers": [
    {
      "trigger": "onUse",
      "effects": [
        {
          "type": "Destroy"
        }
      ],
      "stackable": false
    }
  ],
  "item_status_effects": [
    {
      "type": "conductive",
      "value": 0.0,
      "length": "permanent"
    }
  ]
}