{
  "name": "Dragonfly",
  "sprite": "Dragonfly.png",
  "shape": [
    "X"
  ],
  "rarity": "Uncommon",
  "type": [
    "Accessory"
  ],
  "group": [
    "Melee"
  ],
  "supported_characters": [
    "Purse",
    "Satchel",
    "CR8"
  ],
  "animation": "Attack",
  "modifiers": [
    {
      "trigger": "onMovePast",
      "mod_area": [
        "adjacent"
      ],
      "effects": [
        {
          "type": "Damage",
          "value": 5.0
        }
      ],
      "mod_types": [
        "Weapon"
      ],
      "length": "forTurn"
    }
  ],
  "movement_effects": [
    {
      "trigger": "onTurnStart",
      "y": 1.0,
      "movement_type": "local",
      "movement_length": "oneSpace"
    },
    {
      "trigger": "onTurnStart",
      "rotation": -1.0,
      "movement_type": "local",
      "movement_length": "untilHit"
    }
  ]
}