{
  "name": "Druid Wand",
  "sprite": "Druid Wand.png",
  "shape": [
    "-X",
    "X-"
  ],
  "rarity": "Uncommon",
  "type": [
    "Magic",
    "Wand",
    "Weapon",
    "Carving"
  ],
  "supported_characters": [
    "Tote"
  ],
  "use_costs": {
    "mana": 1
  },
  "movable": {
    "area": "board"
  },
  "combat_effects": [
    {
      "trigger": "onUse",
      "type": "Damage",
      "value": 8.0,
      "target": "enemy"
    }
  ],
  "modifiers": [
    {
      "trigger": "onUse",
      "effects": [
        {
          "type": "DiscardCarving"
        }
      ],
      "stackable": false
    },
    {
      "trigger": "onUse",
      "mod_area": [
        "adjacent"
      ],
      "effects": [
        {
          "type": "DiscardCarving"
        }
      ],
      "mod_types": [
        "Carving"
      ],
      "stackable": false
    }
  ],
  "item_status_effects": [
    {
      "type": "conductive",
      "value": 0.0,
      "length": "permanent"
    },
    {
      "type": "projectile",
      "value": 0.0,
      "length": "permanent"
    },
    {
      "type": "canBeForged",
      "value": 2.0,
      "length": "permanent"
    }
  ],
  "carving": {
    "summon_costs": {
      "energy": 0
    }
  }
}