{
  "name": "Druid Staff",
  "sprite": "Druid Staff.png",
  "shape": [
    "X",
    "X",
    "X"
  ],
  "rarity": "Common",
  "type": [
    "Magic",
    "Wand",
    "Weapon",
    "Carving"
  ],
  "supported_characters": [
    "Tote"
  ],
  "movable": {
    "area": "board"
  },
  "combat_effects": [
    {
      "trigger": "onSummonCarving",
      "type": "Damage",
      "value": 10.0,
      "target": "enemy"
    },
    {
      "trigger": "onDiscard",
      "type": "Mana",
      "value": 1.0,
      "target": "player"
    }
  ],
  "item_status_effects": [
    {
      "type": "conductive",
      "value": 0.0,
      "length": "permanent"
    },
    {
      "type": "canBeForged",
      "value": 1.0,
      "length": "permanent"
    }
  ],
  "carving": {
    "summon_costs": {
      "energy": 1
    }
  }
}