{
  "name": "Earthstone Blade",
  "sprite": "Earthstone Blade.png",
  "shape": [
    "X",
    "X",
    "X",
    "X"
  ],
  "rarity": "Legendary",
  "type": [
    "Melee",
    "Weapon"
  ],
  "group": [
    "Structure"
  ],
  "supported_characters": [
    "Purse",
    "Satchel",
    "CR8"
  ],
  "use_costs": {
    "energy": 1
  },
  "animation": "Attack",
  "combat_effects": [
    {
      "trigger": "onUse",
      "type": "Damage",
      "value": 5.0,
      "target": "enemy"
    }
  ],
  "modifiers": [
    {
      "trigger": "constant",
      "trigger_on_type": [
        "Grid"
      ],
      "trigger_area": [
        "bottom"
      ],
      "effects": [
        {
          "type": "Damage",
          "value": 3.0
        }
      ]
    }
  ],
  "item_status_effects": [
    {
      "type": "heavy",
      "value": 0.0,
      "length": "permanent"
    },
    {
      "type": "canBeForged",
      "value": 3.0,
      "length": "permanent"
    }
  ]
}