{
  "name": "Ethereal Staff",
  "sprite": "Ethereal Staff.png",
  "shape": [
    "X",
    "X"
  ],
  "rarity": "Legendary",
  "type": [
    "Magic",
    "Wand"
  ],
  "group": [
    "Magic"
  ],
  "supported_characters": [
    "Purse",
    "Satchel",
    "CR8",
    "Pochette"
  ],
  "use_costs": {
    "energy": 1
  },
  "combat_effects": [
    {
      "trigger": "onUse",
      "type": "Mana",
      "value": 1.0
    }
  ],
  "create_effects": [
    {
      "trigger": "onUse",
      "create_type": "inOpenSpace",
      "create_areas": [
        "column"
      ],
      "create_items": [
        {
          "BaseGameExport": "ETHEREAL SHIV"
        }
      ],
      "create_rarities": [
        "Common",
        "Uncommon",
        "Rare",
        "Legendary"
      ],
      "description": "Creates Ethereal Shivs in each empty space in this column"
    }
  ],
  "item_status_effects": [
    {
      "type": "conductive",
      "value": 0.0,
      "length": "permanent"
    }
  ]
}