{
  "name": "Ethereal Shiv",
  "sprite": "Ethereal Shiv.png",
  "shape": [
    "X"
  ],
  "rarity": "Common",
  "type": [
    "Melee",
    "Weapon"
  ],
  "use_costs": {
    "energy": 0
  },
  "use_limits": {
    "perTurn": 1
  },
  "animation": "Attack",
  "combat_effects": [
    {
      "trigger": "onUse",
      "type": "Damage",
      "value": 2.0,
      "target": "enemy"
    }
  ],
  "modifiers": [
    {
      "trigger": "onCombatEnd",
      "effects": [
        {
          "type": "Destroy"
        }
      ],
      "stackable": false
    }
  ],
  "item_status_effects": [
    {
      "type": "conductive",
      "value": 0.0,
      "length": "permanent"
    }
  ]
}