{
  "name": "Fire",
  "sprite": "Fire.png",
  "shape": [
    "X"
  ],
  "rarity": "Common",
  "type": [
    "Hazard"
  ],
  "use_costs": {
    "energy": 0
  },
  "combat_effects": [
    {
      "trigger": "onUse",
      "type": "Burn",
      "value": 2.0,
      "target": "player"
    },
    {
      "trigger": "onUse",
      "trigger_area": [
        "myPlaySpace"
      ],
      "type": "Burn",
      "value": 1.0,
      "target": "player"
    }
  ],
  "create_effects": [
    {
      "trigger": "onTurnEnd",
      "create_type": "inOpenSpaceRandom",
      "create_areas": [
        "adjacent",
        "diagonal"
      ],
      "create_items": [
        {
          "BaseGameExport": "FIRE"
        }
      ],
      "create_rarities": [
        "Common",
        "Uncommon",
        "Rare",
        "Legendary"
      ],
      "number_of_items": 1,
      "description": "Creates Fire in a random adjacent or diagonal space"
    }
  ],
  "modifiers": [
    {
      "trigger": "onUse",
      "effects": [
        {
          "type": "Destroy"
        }
      ],
      "stackable": false
    }
  ],
  "item_status_effects": [
    {
      "type": "cantBeSold",
      "value": 0.0,
      "length": "permanent"
    },
    {
      "type": "canBePlayedOverOtherItems",
      "value": 0.0,
      "length": "permanent"
    },
    {
      "type": "canBeUsedByCR8Directly",
      "value": 0.0,
      "length": "permanent"
    }
  ]
}