{
  "name": "Flow Bow",
  "sprite": "Flow Bow.png",
  "shape": [
    "X",
    "X"
  ],
  "rarity": "Legendary",
  "type": [
    "Bow",
    "Carving"
  ],
  "supported_characters": [
    "Tote"
  ],
  "use_costs": {
    "energy": 1
  },
  "animation": "FireArrow",
  "movable": {
    "area": "board"
  },
  "combat_effects": [
    {
      "trigger": "onTurnStart",
      "type": "AP",
      "target": "player"
    }
  ],
  "modifiers": [
    {
      "trigger": "onUse",
      "mod_area": [
        "rightRotational"
      ],
      "effects": [
        {
          "type": "Activate"
        }
      ],
      "mod_types": [
        "Arrow"
      ],
      "mod_distance": "closest",
      "stackable": false
    },
    {
      "trigger": "onKillEnemy",
      "trigger_on_type": [
        "Arrow"
      ],
      "trigger_area": [
        "rightRotational"
      ],
      "effects": [
        {
          "type": "AP",
          "value": 1.0,
          "target": "player"
        }
      ],
      "mod_distance": "closest",
      "length": "forCombat",
      "description": "energy /x"
    }
  ],
  "item_status_effects": [
    {
      "type": "canBeForged",
      "value": 1.0,
      "length": "permanent"
    }
  ],
  "carving": {
    "summon_costs": {
      "energy": 0
    }
  }
}