{
  "name": "Flowers",
  "sprite": "Flowers.png",
  "shape": [
    "X",
    "X"
  ],
  "rarity": "Common",
  "type": [
    "Plant",
    "Consumable"
  ],
  "use_costs": {
    "energy": 0
  },
  "combat_effects": [
    {
      "trigger": "onUse",
      "type": "AP",
      "value": 1.0,
      "target": "player"
    },
    {
      "trigger": "onUse",
      "type": "Luck",
      "value": 1.0,
      "target": "player"
    }
  ],
  "modifiers": [
    {
      "trigger": "onUse",
      "effects": [
        {
          "type": "Destroy"
        }
      ],
      "stackable": false
    }
  ]
}