{
  "name": "Frothy Drink",
  "sprite": "Frothy Drink.png",
  "shape": [
    "X"
  ],
  "rarity": "Uncommon",
  "type": [
    "Consumable"
  ],
  "supported_characters": [
    "Satchel",
    "Purse",
    "Tote",
    "Pochette"
  ],
  "use_costs": {
    "energy": 0
  },
  "combat_effects": [
    {
      "trigger": "onUse",
      "type": "HP",
      "value": 10.0,
      "target": "player"
    },
    {
      "trigger": "onUse",
      "type": "AP",
      "value": 1.0,
      "target": "player"
    }
  ],
  "create_effects": [
    {
      "trigger": "onDestroy",
      "create_type": "replace",
      "create_items": [
        {
          "BaseGameExport": "EMPTY CUP"
        }
      ],
      "create_rarities": [
        "Common",
        "Uncommon",
        "Rare",
        "Legendary"
      ],
      "description": "Replaced with an Empty Cup"
    }
  ],
  "modifiers": [
    {
      "trigger": "onUse",
      "effects": [
        {
          "type": "Destroy"
        }
      ],
      "stackable": false
    }
  ]
}