{
  "name": "Frozen Hammer",
  "sprite": "Frozen Hammer.png",
  "shape": [
    "XX",
    "XX"
  ],
  "rarity": "Legendary",
  "type": [
    "Melee",
    "Weapon"
  ],
  "supported_characters": [
    "Purse",
    "CR8",
    "Satchel"
  ],
  "use_costs": {
    "energy": 1
  },
  "animation": "Attack",
  "combat_effects": [
    {
      "trigger": "onUse",
      "type": "Damage",
      "value": 2.0,
      "target": "enemy"
    },
    {
      "trigger": "onUse",
      "type": "Freeze",
      "value": 3.0,
      "target": "enemy"
    }
  ],
  "item_status_effects": [
    {
      "type": "canBeForged",
      "value": 4.0,
      "length": "permanent"
    }
  ]
}