{
  "name": "Gardener's Helmet",
  "sprite": "Gardener's Helmet.png",
  "shape": [
    "X"
  ],
  "rarity": "Common",
  "type": [
    "Helmet",
    "Armor",
    "Carving"
  ],
  "supported_characters": [
    "Tote"
  ],
  "movable": {
    "area": "board"
  },
  "combat_effects": [
    {
      "trigger": "onTurnStart",
      "type": "Block",
      "value": 2.0,
      "target": "player"
    },
    {
      "trigger": "onDiscard",
      "type": "Block",
      "value": 7.0,
      "target": "player"
    }
  ],
  "modifiers": [
    {
      "trigger": "constant",
      "trigger_on_type": [
        "Grid"
      ],
      "trigger_area": [
        "top"
      ],
      "effects": [
        {
          "type": "ItemStatusEffect",
          "value": 2.0,
          "item_status_effects": [
            {
              "type": "disabled",
              "value": 0.0,
              "length": "whileActive"
            }
          ]
        }
      ],
      "stackable": false
    }
  ],
  "item_status_effects": [
    {
      "type": "canBeForged",
      "value": 1.0,
      "length": "permanent"
    }
  ],
  "carving": {
    "summon_costs": {
      "energy": 1
    }
  }
}