{
  "name": "Gear",
  "sprite": "Gear.png",
  "shape": [
    "X"
  ],
  "rarity": "Common",
  "type": [
    "Gear"
  ],
  "supported_characters": [
    "CR8"
  ],
  "animation": "Block",
  "modifiers": [
    {
      "trigger": "constant",
      "mod_area": [
        "topRotational"
      ],
      "effects": [
        {
          "type": "Damage",
          "value": 2.0
        }
      ],
      "mod_types": [
        "Weapon"
      ],
      "mod_distance": "closest",
      "stackable": false,
      "description": "Weapons this points to get /x damage"
    }
  ]
}