{
  "name": "Gem Carving",
  "sprite": "Gem Carving.png",
  "shape": [
    "X"
  ],
  "rarity": "Common",
  "type": [
    "Gem",
    "Weapon",
    "Carving"
  ],
  "supported_characters": [
    "Tote"
  ],
  "movable": {
    "area": "board"
  },
  "combat_effects": [
    {
      "trigger": "onSummonCarving",
      "type": "Damage",
      "value": 5.0,
      "target": "enemy"
    }
  ],
  "modifiers": [
    {
      "trigger": "constant",
      "mod_area": [
        "adjacent"
      ],
      "effects": [
        {
          "type": "Damage",
          "value": 2.0
        }
      ],
      "mod_types": [
        "Weapon"
      ]
    },
    {
      "trigger": "onTurnEnd",
      "effects": [
        {
          "type": "DiscardCarving",
          "value": 2.0
        }
      ]
    }
  ],
  "carving": {
    "summon_costs": {
      "energy": 1
    }
  }
}