{
  "name": "Gerbil Hammer",
  "sprite": "Gerbil Hammer.png",
  "shape": [
    "X"
  ],
  "rarity": "Uncommon",
  "type": [
    "Hammer",
    "Melee",
    "Weapon"
  ],
  "group": [
    "Hammers"
  ],
  "supported_characters": [
    "Satchel"
  ],
  "use_costs": {
    "energy": 0
  },
  "use_limits": {
    "perTurn": 1
  },
  "animation": "Attack",
  "combat_effects": [
    {
      "trigger": "onUse",
      "type": "Damage",
      "value": 3.0,
      "target": "enemy"
    },
    {
      "trigger": "onUse",
      "type": "Weak",
      "value": 2.0,
      "target": "enemy"
    }
  ],
  "modifiers": [
    {
      "trigger": "constant",
      "mod_area": [
        "oneSpaceOver"
      ],
      "effects": [
        {
          "type": "Damage",
          "value": 2.0
        }
      ],
      "mod_types": [
        "Hammer"
      ],
      "stackable": false
    }
  ],
  "item_status_effects": [
    {
      "type": "canBeForged",
      "value": 1.0,
      "length": "permanent"
    }
  ]
}