{
  "name": "Ghost Glove",
  "sprite": "Ghost Glove.png",
  "shape": [
    "X"
  ],
  "rarity": "Uncommon",
  "type": [
    "Glove",
    "Accessory"
  ],
  "supported_characters": [
    "Purse"
  ],
  "use_costs": {
    "energy": 0
  },
  "use_limits": {
    "perCombat": 1
  },
  "combat_effects": [
    {
      "trigger": "onTurnStart",
      "type": "Block",
      "value": 2.0,
      "target": "player"
    }
  ],
  "modifiers": [
    {
      "trigger": "onUse",
      "mod_area": [
        "leftRotational"
      ],
      "effects": [
        {
          "type": "ItemStatusEffect",
          "value": 1.0,
          "item_status_effects": [
            {
              "type": "ghostly",
              "value": 1.0,
              "length": "turns"
            }
          ]
        }
      ],
      "mod_distance": "adjacent",
      "length": "forTurn"
    }
  ],
  "item_status_effects": [
    {
      "type": "ghostly",
      "value": 0.0,
      "length": "permanent"
    }
  ]
}