{
  "name": "Goat Doll",
  "sprite": "Goat Doll.png",
  "shape": [
    "X"
  ],
  "rarity": "Rare",
  "type": [
    "Accessory"
  ],
  "supported_characters": [
    "Satchel"
  ],
  "combat_effects": [
    {
      "trigger": "onTurnStart",
      "type": "Damage",
      "value": 1.0,
      "target": "allEnemies"
    }
  ],
  "modifiers": [
    {
      "trigger": "constant",
      "effects": [
        {
          "type": "Damage",
          "value": {
            "replace_with": "numOfPockets",
            "multiplier": 3.0
          }
        }
      ]
    }
  ],
  "item_status_effects": [
    {
      "type": "projectile",
      "value": 0.0,
      "length": "permanent"
    }
  ]
}