{
  "name": "Gold Cleaver",
  "sprite": "Gold Cleaver.png",
  "shape": [
    "X"
  ],
  "rarity": "Uncommon",
  "type": [
    "Cleaver",
    "Melee",
    "Weapon"
  ],
  "group": [
    "Cleavers"
  ],
  "supported_characters": [
    "Purse"
  ],
  "use_costs": {
    "energy": 1
  },
  "animation": "Attack",
  "combat_effects": [
    {
      "trigger": "onUse",
      "type": "Damage",
      "value": 4.0,
      "target": "enemy"
    }
  ],
  "modifiers": [
    {
      "trigger": "constant",
      "mod_area": [
        "adjacent",
        "diagonal"
      ],
      "effects": [
        {
          "type": "Damage",
          "value": 1.0
        }
      ],
      "mod_types": [
        "Cleaver"
      ],
      "stackable": false
    }
  ],
  "item_status_effects": [
    {
      "type": "canBeForged",
      "value": 1.0,
      "length": "permanent"
    }
  ]
}