{
  "name": "Guardian Ring",
  "sprite": "Guardian Ring.png",
  "shape": [
    "X"
  ],
  "rarity": "Rare",
  "type": [
    "Ring",
    "Accessory"
  ],
  "group": [
    "Shield"
  ],
  "supported_characters": [
    "Purse",
    "Satchel",
    "CR8",
    "Pochette"
  ],
  "animation": "Attack",
  "combat_effects": [
    {
      "trigger": "onUse",
      "trigger_on_type": [
        "Shield"
      ],
      "trigger_area": [
        "diagonal"
      ],
      "type": "Block",
      "value": 1.0,
      "target": "player"
    }
  ]
}