{
  "name": "Guitar Pick",
  "sprite": "Guitar Pick.png",
  "shape": [
    "X"
  ],
  "rarity": "Legendary",
  "type": [
    "Relic"
  ],
  "supported_characters": [
    "Satchel"
  ],
  "animation": "Attack",
  "combat_effects": [
    {
      "trigger": "onTurnStart",
      "type": "AP",
      "target": "player"
    }
  ],
  "modifiers": [
    {
      "trigger": "constant",
      "effects": [
        {
          "type": "AP",
          "value": {
            "replace_with": "numOfPockets",
            "multiplier": 0
          }
        }
      ],
      "stackable": false
    }
  ]
}