{
  "name": "Hawkeye's Bow",
  "sprite": "Hawkeye's Bow.png",
  "shape": [
    "X",
    "X",
    "X"
  ],
  "flavor": "One of the greatest archers in the ranks of the patrol was Hawkeye Mirabelle. She once shot down two hawks while hanging upside down from a tree",
  "rarity": "Legendary",
  "type": [
    "Bow"
  ],
  "group": [
    "Archery"
  ],
  "supported_characters": [
    "Purse",
    "Satchel",
    "CR8"
  ],
  "use_costs": {
    "energy": 1
  },
  "animation": "FireArrow",
  "modifiers": [
    {
      "trigger": "onUse",
      "mod_area": [
        "rightRotational"
      ],
      "effects": [
        {
          "type": "Activate"
        }
      ],
      "mod_types": [
        "Arrow"
      ],
      "mod_distance": "closest",
      "stackable": false
    },
    {
      "trigger": "onUse",
      "mod_area": [
        "leftRotational"
      ],
      "effects": [
        {
          "type": "Activate"
        }
      ],
      "mod_types": [
        "Arrow"
      ],
      "mod_distance": "closest",
      "stackable": false
    }
  ],
  "item_status_effects": [
    {
      "type": "canBeForged",
      "value": 3.0,
      "length": "permanent"
    }
  ]
}