{
  "name": "Heat Sink",
  "sprite": "Heat Sink.png",
  "shape": [
    "X"
  ],
  "rarity": "Rare",
  "type": [
    "Accessory"
  ],
  "supported_characters": [
    "CR8"
  ],
  "use_costs": {
    "energy": 0
  },
  "use_limits": {
    "perTurn": 1
  },
  "animation": "Block",
  "modifiers": [
    {
      "trigger": "onUse",
      "mod_area": [
        "adjacent"
      ],
      "effects": [
        {
          "type": "resetComponentHeat"
        }
      ],
      "mod_types": [
        "Component"
      ],
      "stackable": false
    }
  ]
}