{
  "name": "Hero Carving",
  "sprite": "Hero Carving.png",
  "shape": [
    "X"
  ],
  "rarity": "Rare",
  "type": [
    "Carving"
  ],
  "supported_characters": [
    "Tote"
  ],
  "movable": {
    "area": "board"
  },
  "modifiers": [
    {
      "trigger": "onSummonCarving",
      "mod_area": [
        "myPlaySpace"
      ],
      "effects": [
        {
          "type": "Activate"
        }
      ],
      "stackable": false,
      "description": "Items behind are used"
    },
    {
      "trigger": "onSummonCarvingLate",
      "effects": [
        {
          "type": "BanishCarving"
        }
      ],
      "stackable": false
    }
  ],
  "item_status_effects": [
    {
      "type": "canBePlayedOverOtherItems",
      "value": 0.0,
      "length": "permanent"
    }
  ],
  "carving": {
    "summon_costs": {
      "energy": 0
    }
  }
}