{
  "name": "Hockey Mask",
  "sprite": "Hockey Mask.png",
  "shape": [
    "X"
  ],
  "flavor": "Found at the bottom of a campside lake",
  "rarity": "Legendary",
  "type": [
    "Scary",
    "Helmet",
    "Armor"
  ],
  "combat_effects": [
    {
      "trigger": "onCombatStart",
      "type": "Rage",
      "value": 4.0,
      "target": "player"
    },
    {
      "trigger": "onTurnStart",
      "type": "Block",
      "value": 2.0,
      "target": "player"
    }
  ],
  "modifiers": [
    {
      "trigger": "constant",
      "trigger_on_type": [
        "Grid"
      ],
      "trigger_area": [
        "top"
      ],
      "effects": [
        {
          "type": "ItemStatusEffect",
          "value": -2.0,
          "item_status_effects": [
            {
              "type": "disabled",
              "value": 0.0,
              "length": "whileActive"
            }
          ]
        },
        {
          "type": "Block",
          "value": -1.0
        }
      ],
      "stackable": false
    }
  ]
}