{
  "name": "Honeysuckle",
  "sprite": "Honeysuckle.png",
  "shape": [
    "X"
  ],
  "rarity": "Uncommon",
  "type": [
    "Consumable"
  ],
  "use_costs": {
    "energy": 0
  },
  "modifiers": [
    {
      "trigger": "onUse",
      "mod_area": [
        "adjacent"
      ],
      "effects": [
        {
          "type": "Damage",
          "value": 3.0
        }
      ],
      "mod_types": [
        "Weapon"
      ],
      "length": "forCombat"
    },
    {
      "trigger": "onUse",
      "effects": [
        {
          "type": "Destroy"
        }
      ],
      "stackable": false
    }
  ]
}