{
  "name": "Huge Manastone",
  "sprite": [
    "Huge Manastone_0.png",
    "Huge Manastone_1.png",
    "Huge Manastone_2.png",
    "Huge Manastone_3.png"
  ],
  "shape": [
    "X"
  ],
  "rarity": "Common",
  "type": [
    "ManaStone"
  ],
  "group": [
    "Magic"
  ],
  "found_in": [
    "magmaCore",
    "ice"
  ],
  "animation": "Attack",
  "item_status_effects": [
    {
      "type": "conductive",
      "value": 0.0,
      "length": "permanent"
    }
  ],
  "manastone": {
    "max_mana": 3
  }
}