{
  "name": "Illusory Tape",
  "sprite": "Illusory Tape.png",
  "shape": [
    "X"
  ],
  "rarity": "Uncommon",
  "type": [
    "Accessory",
    "Carving"
  ],
  "supported_characters": [
    "Tote"
  ],
  "use_costs": {
    "energy": 0
  },
  "movable": {
    "area": "board"
  },
  "modifiers": [
    {
      "trigger": "onUse",
      "effects": [
        {
          "type": "DiscardCarving"
        }
      ],
      "stackable": false
    },
    {
      "trigger": "onUse",
      "mod_area": [
        "adjacent"
      ],
      "effects": [
        {
          "type": "DiscardCarving"
        }
      ],
      "mod_types": [
        "Carving"
      ],
      "stackable": false
    }
  ],
  "item_status_effects": [
    {
      "type": "ductTape",
      "value": 0.0,
      "length": "permanent"
    }
  ],
  "carving": {
    "summon_costs": {
      "energy": 0
    }
  }
}