{
  "name": "Insidious Buckler",
  "sprite": "Insidious Buckler.png",
  "shape": [
    "X"
  ],
  "rarity": "Common",
  "type": [
    "Shield",
    "Curse"
  ],
  "supported_characters": [
    "Purse",
    "Satchel",
    "CR8",
    "Pochette"
  ],
  "use_costs": {
    "energy": 1
  },
  "animation": "Attack",
  "combat_effects": [
    {
      "trigger": "onUse",
      "type": "Block",
      "value": 6.0,
      "target": "player"
    },
    {
      "trigger": "onTakeDamage",
      "type": "Poison",
      "value": 2.0,
      "target": "player"
    }
  ],
  "item_status_effects": [
    {
      "type": "cantBeSold",
      "value": 0.0,
      "length": "permanent"
    }
  ]
}