{
  "name": "Keg",
  "sprite": "Keg.png",
  "shape": [
    "XX",
    "XX"
  ],
  "rarity": "Uncommon",
  "type": [
    "Accessory"
  ],
  "group": [
    "Alchemy",
    "Gold"
  ],
  "supported_characters": [
    "Purse",
    "Satchel"
  ],
  "use_costs": {
    "gold": 2
  },
  "create_effects": [
    {
      "trigger": "onUse",
      "create_type": "trueRandom",
      "create_areas": [
        "row"
      ],
      "create_items": [
        {
          "BaseGameExport": "FROTHY DRINK"
        },
        {
          "BaseGameExport": "COOL DRINK"
        },
        {
          "BaseGameExport": "WARM DRINK"
        },
        {
          "BaseGameExport": "CUP OF OIL"
        }
      ],
      "create_rarities": [
        "Common",
        "Uncommon",
        "Rare",
        "Legendary"
      ],
      "description": "Creates a drink in this row"
    }
  ],
  "item_status_effects": [
    {
      "type": "heavy",
      "value": 0.0,
      "length": "permanent"
    }
  ]
}