{
  "name": "Knight's Armor",
  "sprite": "Knight's Armor.png",
  "shape": [
    "XX",
    "XX"
  ],
  "rarity": "Uncommon",
  "type": [
    "Clothing",
    "Armor"
  ],
  "group": [
    "Armored",
    "Shield"
  ],
  "supported_characters": [
    "Purse",
    "Satchel",
    "CR8",
    "Pochette"
  ],
  "animation": "Attack",
  "combat_effects": [
    {
      "trigger": "onTurnStart",
      "type": "Block",
      "value": 6.0,
      "target": "player"
    }
  ],
  "modifiers": [
    {
      "trigger": "constant",
      "mod_area": [
        "adjacent",
        "diagonal"
      ],
      "effects": [
        {
          "type": "Block",
          "value": 2.0
        }
      ],
      "mod_types": [
        "Armor",
        "Shield"
      ],
      "stackable": false
    }
  ],
  "item_status_effects": [
    {
      "type": "canBeForged",
      "value": 1.0,
      "length": "permanent"
    }
  ]
}