{
  "name": "Kodoku",
  "sprite": "Kodoku.png",
  "shape": [
    "X"
  ],
  "rarity": "Common",
  "type": [
    "Accessory",
    "Curse"
  ],
  "supported_characters": [
    "Pochette"
  ],
  "animation": "Attack",
  "combat_effects": [
    {
      "trigger": "onTurnStart",
      "type": "Damage",
      "value": 1.0,
      "target": "everyone"
    }
  ],
  "modifiers": [
    {
      "trigger": "constant",
      "mod_area": [
        "adjacent"
      ],
      "effects": [
        {
          "type": "Damage",
          "value": {
            "replace_with": "numOfPetsDefeated",
            "multiplier": 5.0
          }
        }
      ],
      "mod_types": [
        "Weapon"
      ],
      "description": "Adjacent weapons get /x damage"
    }
  ],
  "item_status_effects": [
    {
      "type": "cantBeSold",
      "value": 0.0,
      "length": "permanent"
    },
    {
      "type": "projectile",
      "value": 0.0,
      "length": "permanent"
    }
  ]
}