{
  "name": "Large Manastone",
  "sprite": [
    "Large Manastone_0.png",
    "Large Manastone_1.png",
    "Large Manastone_2.png"
  ],
  "shape": [
    "X"
  ],
  "rarity": "Common",
  "type": [
    "ManaStone"
  ],
  "group": [
    "Magic"
  ],
  "found_in": [
    "deepCave",
    "EnchantedSwamp",
    "magmaCore",
    "ice"
  ],
  "animation": "Attack",
  "item_status_effects": [
    {
      "type": "conductive",
      "value": 0.0,
      "length": "permanent"
    }
  ],
  "manastone": {
    "max_mana": 2
  }
}