{
  "name": "Leadership Whistle",
  "sprite": "Leadership Whistle.png",
  "shape": [
    "X"
  ],
  "rarity": "Uncommon",
  "type": [
    "Consumable",
    "Accessory"
  ],
  "supported_characters": [
    "Pochette"
  ],
  "use_costs": {
    "energy": 0
  },
  "soundeffect": "flute",
  "modifiers": [
    {
      "trigger": "onUse",
      "mod_area": [
        "board"
      ],
      "effects": [
        {
          "type": "Activate"
        }
      ],
      "mod_types": [
        "Pet"
      ],
      "stackable": false
    },
    {
      "trigger": "onUse",
      "effects": [
        {
          "type": "Destroy"
        }
      ],
      "stackable": false
    }
  ]
}