{
  "name": "Letter",
  "sprite": "Letter.png",
  "shape": [
    "X"
  ],
  "rarity": "Rare",
  "type": [
    "Accessory"
  ],
  "supported_characters": [
    "Purse",
    "Satchel",
    "CR8",
    "Pochette"
  ],
  "use_costs": {
    "energy": 0
  },
  "modifiers": [
    {
      "trigger": "onMovePast",
      "mod_area": [
        "adjacent"
      ],
      "effects": [
        {
          "type": "Damage",
          "value": 6.0
        }
      ],
      "mod_types": [
        "Weapon"
      ],
      "length": "forTurn"
    }
  ],
  "movement_effects": [
    {
      "trigger": "onUse",
      "y": 1.0,
      "movement_type": "global",
      "movement_length": "oneSpace"
    }
  ]
}