{
  "name": "Lifeforce Wand",
  "sprite": "Lifeforce Wand.png",
  "shape": [
    "-X",
    "X-"
  ],
  "rarity": "Uncommon",
  "type": [
    "Weapon",
    "Wand",
    "Carving"
  ],
  "supported_characters": [
    "Tote"
  ],
  "use_costs": {
    "mana": 1
  },
  "movable": {
    "area": "board"
  },
  "combat_effects": [
    {
      "trigger": "onUse",
      "type": "Damage",
      "value": 10.0,
      "target": "enemy"
    }
  ],
  "item_status_effects": [
    {
      "type": "conductive",
      "value": 0.0,
      "length": "permanent"
    },
    {
      "type": "projectile",
      "value": 0.0,
      "length": "permanent"
    },
    {
      "type": "canBeForged",
      "value": 2.0,
      "length": "permanent"
    }
  ],
  "carving": {
    "summon_costs": {
      "energy": 0
    }
  }
}