{
  "name": "Lizard King Sword",
  "sprite": "Lizard King Sword.png",
  "shape": [
    "X",
    "X",
    "X"
  ],
  "rarity": "Legendary",
  "type": [
    "Melee",
    "Weapon"
  ],
  "group": [
    "Melee"
  ],
  "supported_characters": [
    "Purse",
    "Satchel",
    "CR8"
  ],
  "use_costs": {
    "energy": 2
  },
  "animation": "Attack",
  "combat_effects": [
    {
      "trigger": "onUse",
      "type": "Damage",
      "value": 20.0,
      "target": "enemy"
    }
  ],
  "modifiers": [
    {
      "trigger": "onUse",
      "mod_area": [
        "adjacent"
      ],
      "effects": [
        {
          "type": "ItemStatusEffect",
          "value": -1.0,
          "item_status_effects": [
            {
              "type": "AddToEnergyCost",
              "value": -1.0,
              "length": "combats"
            }
          ]
        }
      ],
      "mod_types": [
        "Weapon"
      ],
      "stackable": false,
      "description": "Adjacent weapons get /x to their energy cost this combat (minimum of 1)"
    }
  ],
  "item_status_effects": [
    {
      "type": "canBeForged",
      "value": 5.0,
      "length": "permanent"
    }
  ]
}