{
  "name": "Lucky Shiv",
  "sprite": "Lucky Shiv.png",
  "shape": [
    "X"
  ],
  "rarity": "Rare",
  "type": [
    "Melee",
    "Weapon"
  ],
  "group": [
    "Berserker"
  ],
  "supported_characters": [
    "Purse",
    "Satchel",
    "CR8",
    "Pochette"
  ],
  "use_costs": {
    "energy": 0
  },
  "use_limits": {
    "perTurn": 1
  },
  "animation": "Attack",
  "combat_effects": [
    {
      "trigger": "onUse",
      "type": "Damage",
      "value": 2.0,
      "target": "enemy"
    },
    {
      "trigger": "onKillNonSummonEnemy",
      "type": "Luck",
      "value": 7.0,
      "target": "enemy"
    }
  ],
  "item_status_effects": [
    {
      "type": "canBeForged",
      "value": 4.0,
      "length": "permanent"
    }
  ]
}