{
  "name": "Machete",
  "sprite": "Machete.png",
  "shape": [
    "X",
    "X",
    "X"
  ],
  "rarity": "Common",
  "type": [
    "Melee",
    "Weapon"
  ],
  "group": [
    "Berserker"
  ],
  "supported_characters": [
    "Purse",
    "Satchel",
    "CR8",
    "Pochette"
  ],
  "use_costs": {
    "energy": 0
  },
  "use_limits": {
    "perTurn": 1
  },
  "animation": "Attack",
  "combat_effects": [
    {
      "trigger": "onUse",
      "type": "Damage",
      "value": 3.0,
      "target": "allEnemies"
    }
  ],
  "item_status_effects": [
    {
      "type": "canBeForged",
      "value": 1.0,
      "length": "permanent"
    }
  ]
}