{
  "name": "Mana Shard",
  "sprite": "Mana Shard.png",
  "shape": [
    "X"
  ],
  "flavor": "Just a fragile fragment held together with a bit of magic",
  "rarity": "Common",
  "type": [
    "ManaStone"
  ],
  "group": [
    "Magic"
  ],
  "animation": "Attack",
  "combat_effects": [
    {
      "trigger": "whenManaFlowsThrough",
      "type": "ManaToSelfOnly",
      "value": -999.0
    }
  ],
  "item_status_effects": [
    {
      "type": "conductive",
      "value": 0.0,
      "length": "permanent"
    }
  ],
  "manastone": {
    "max_mana": 1
  }
}