{
  "name": "Mask Of Secrets",
  "sprite": "Mask Of Secrets.png",
  "shape": [
    "X"
  ],
  "rarity": "Rare",
  "type": [
    "Helmet",
    "Armor",
    "Carving"
  ],
  "supported_characters": [
    "Tote"
  ],
  "movable": {
    "area": "board"
  },
  "combat_effects": [
    {
      "trigger": "onSummonCarving",
      "type": "Dodge",
      "value": 1.0,
      "target": "player"
    }
  ],
  "modifiers": [
    {
      "trigger": "onSummonCarvingLate",
      "effects": [
        {
          "type": "DiscardCarving"
        }
      ],
      "stackable": false
    },
    {
      "trigger": "constant",
      "trigger_on_type": [
        "Grid"
      ],
      "trigger_area": [
        "top"
      ],
      "effects": [
        {
          "type": "ItemStatusEffect",
          "item_status_effects": [
            {
              "apply_immediately": true,
              "type": "disabled",
              "value": 0.0,
              "length": "whileActive"
            }
          ]
        }
      ],
      "stackable": false
    }
  ],
  "item_status_effects": [
    {
      "type": "canBeForged",
      "value": 1.0,
      "length": "permanent"
    }
  ],
  "carving": {
    "summon_costs": {
      "energy": 1
    }
  }
}