{
  "name": "Metronome",
  "sprite": "Metronome.png",
  "shape": [
    "X"
  ],
  "rarity": "Legendary",
  "type": [
    "Accessory"
  ],
  "group": [
    "Charmer",
    "Pacifist"
  ],
  "supported_characters": [
    "Satchel"
  ],
  "animation": "Attack",
  "modifiers": [
    {
      "trigger": "constant",
      "mod_area": [
        "adjacent"
      ],
      "effects": [
        {
          "type": "Charm",
          "value": 3.0
        }
      ],
      "mod_types": [
        "Instrument",
        "Drum"
      ],
      "stackable": false
    }
  ]
}