{
  "name": "Minute Hand",
  "sprite": "Minute Hand.png",
  "shape": [
    "X"
  ],
  "rarity": "Common",
  "type": [
    "Accessory"
  ],
  "supported_characters": [
    "Purse"
  ],
  "modifiers": [
    {
      "trigger": "constant",
      "mod_area": [
        "topRotational"
      ],
      "effects": [
        {
          "type": "Damage",
          "value": 2.0
        }
      ],
      "mod_types": [
        "Weapon"
      ],
      "mod_distance": "closest",
      "stackable": false,
      "description": "Weapons this points to get /x damage"
    }
  ],
  "movement_effects": [
    {
      "trigger": "onTurnEnd",
      "rotation": -1.0,
      "movement_type": "global",
      "movement_length": "oneSpace"
    }
  ],
  "item_status_effects": [
    {
      "type": "canBeForged",
      "value": 1.0,
      "length": "permanent"
    }
  ]
}