{
  "name": "Monad's Mjolnir",
  "sprite": "Monad's Mjolnir.png",
  "shape": [
    "X"
  ],
  "flavor": "In that chamber they both changed",
  "rarity": "Legendary",
  "type": [
    "Hammer",
    "Melee",
    "Weapon"
  ],
  "group": [
    "Hammers"
  ],
  "supported_characters": [
    "Satchel"
  ],
  "use_costs": {
    "energy": 1
  },
  "animation": "Attack",
  "combat_effects": [
    {
      "trigger": "onUse",
      "type": "Damage",
      "value": 6.0,
      "target": "enemy"
    }
  ],
  "modifiers": [
    {
      "trigger": "onUse",
      "mod_area": [
        "oneSpaceOver"
      ],
      "effects": [
        {
          "type": "resetUsesPerTurn",
          "value": 1.0
        }
      ],
      "mod_types": [
        "Hammer"
      ],
      "stackable": false
    }
  ],
  "item_status_effects": [
    {
      "type": "canBeForged",
      "value": 3.0,
      "length": "permanent"
    }
  ]
}