{
  "name": "Mother's Blade",
  "sprite": "Mother's Blade.png",
  "shape": [
    "X",
    "X",
    "X"
  ],
  "rarity": "Rare",
  "type": [
    "Kin",
    "Melee",
    "Weapon",
    "Carving"
  ],
  "group": [
    "Cleavers"
  ],
  "supported_characters": [
    "Tote"
  ],
  "animation": "Attack",
  "movable": {
    "area": "board"
  },
  "combat_effects": [
    {
      "trigger": "onSummonCarving",
      "type": "Damage",
      "value": 12.0,
      "target": "enemy"
    }
  ],
  "modifiers": [
    {
      "trigger": "onSummonCarvingLate",
      "effects": [
        {
          "type": "DiscardCarving"
        }
      ],
      "stackable": false
    },
    {
      "trigger": "onSummonCarving",
      "mod_area": [
        "adjacent"
      ],
      "effects": [
        {
          "type": "Activate"
        }
      ],
      "mod_types": [
        "Kin"
      ],
      "stackable": false
    }
  ],
  "item_status_effects": [
    {
      "type": "canBeForged",
      "value": 4.0,
      "length": "permanent"
    }
  ],
  "carving": {
    "summon_costs": {
      "energy": 0
    }
  }
}