{
  "name": "Mushroom Axe",
  "sprite": "Mushroom Axe.png",
  "shape": [
    "XX",
    "X-",
    "X-"
  ],
  "rarity": "Rare",
  "type": [
    "Consumable",
    "Melee",
    "Weapon",
    "Carving"
  ],
  "supported_characters": [
    "Tote"
  ],
  "use_costs": {
    "energy": 1
  },
  "use_limits": {
    "perCombat": 3
  },
  "animation": "OverheadAttack",
  "movable": {
    "area": "board"
  },
  "combat_effects": [
    {
      "trigger": "onUse",
      "type": "Damage",
      "value": 20.0,
      "target": "enemy"
    },
    {
      "trigger": "onSummonCarving",
      "trigger_on_type": [
        "Plant"
      ],
      "trigger_area": [
        "adjacent"
      ],
      "type": "DrawToteCarvings",
      "value": 1.0
    }
  ],
  "modifiers": [
    {
      "trigger": "onOutOfUses",
      "effects": [
        {
          "type": "BanishCarving"
        }
      ],
      "stackable": false
    }
  ],
  "item_status_effects": [
    {
      "type": "canBeForged",
      "value": 3.0,
      "length": "permanent"
    }
  ],
  "carving": {
    "summon_costs": {
      "gold": 3
    }
  }
}