{
  "name": "My First Wand",
  "sprite": "My First Wand.png",
  "shape": [
    "-X",
    "X-"
  ],
  "flavor": "Teaches kids the basics of magic!",
  "rarity": "Common",
  "type": [
    "Magic",
    "Wand"
  ],
  "group": [
    "Magic"
  ],
  "supported_characters": [
    "Purse",
    "Satchel",
    "CR8",
    "Pochette"
  ],
  "use_costs": {
    "mana": 1
  },
  "animation": "Attack",
  "combat_effects": [
    {
      "trigger": "onUse",
      "type": "Regen",
      "value": 2.0,
      "target": "player"
    }
  ],
  "modifiers": [
    {
      "trigger": "onUse",
      "effects": [
        {
          "type": "ItemStatusEffect",
          "value": 1.0,
          "item_status_effects": [
            {
              "type": "AddToManaCost",
              "value": 1.0,
              "length": "turns"
            }
          ]
        }
      ],
      "stackable": false
    }
  ],
  "item_status_effects": [
    {
      "type": "conductive",
      "value": 0.0,
      "length": "permanent"
    }
  ]
}