{
  "name": "Ninja Star",
  "sprite": "Ninja Star.png",
  "shape": [
    "X"
  ],
  "rarity": "Rare",
  "type": [
    "Shuriken",
    "Weapon"
  ],
  "group": [
    "Shuriken"
  ],
  "supported_characters": [
    "Purse",
    "Satchel"
  ],
  "use_costs": {
    "energy": 0
  },
  "animation": "FireArrow",
  "combat_effects": [
    {
      "trigger": "onUse",
      "type": "Damage",
      "value": 6.0,
      "target": "enemy"
    }
  ],
  "modifiers": [
    {
      "trigger": "onUse",
      "effects": [
        {
          "type": "Destroy",
          "value": 5.0
        }
      ],
      "stackable": false
    },
    {
      "trigger": "constant",
      "trigger_on_type": [
        "Shuriken"
      ],
      "trigger_area": [
        "row",
        "column"
      ],
      "effects": [
        {
          "type": "Damage",
          "value": 1.0
        }
      ]
    }
  ],
  "item_status_effects": [
    {
      "type": "projectile",
      "value": 0.0,
      "length": "permanent"
    }
  ]
}