{
  "name": "Ninja Costume",
  "sprite": "Ninja Costume.png",
  "shape": [
    "XX",
    "XX"
  ],
  "rarity": "Legendary",
  "type": [
    "Clothing",
    "Armor"
  ],
  "group": [
    "Dodger"
  ],
  "supported_characters": [
    "Purse",
    "Satchel",
    "CR8",
    "Pochette"
  ],
  "combat_effects": [
    {
      "trigger": "onTurnStart",
      "type": "Dodge",
      "value": 1.0,
      "target": "player"
    },
    {
      "trigger": "onTurnEnd",
      "type": "Block",
      "value": -1.0,
      "target": "player",
      "math": "mul"
    }
  ],
  "item_status_effects": [
    {
      "type": "canBeForged",
      "value": 1.0,
      "length": "permanent"
    }
  ]
}