{
  "name": "Noxious Fumes",
  "sprite": "Noxious Fumes.png",
  "shape": [
    "X"
  ],
  "rarity": "Common",
  "type": [
    "Hazard"
  ],
  "use_costs": {
    "energy": 0
  },
  "combat_effects": [
    {
      "trigger": "onUse",
      "type": "Poison",
      "value": 4.0,
      "target": "player"
    },
    {
      "trigger": "onUse",
      "trigger_area": [
        "row"
      ],
      "type": "Poison",
      "value": 1.0,
      "target": "player"
    }
  ],
  "modifiers": [
    {
      "trigger": "onUse",
      "effects": [
        {
          "type": "Destroy"
        }
      ],
      "stackable": false
    }
  ],
  "item_status_effects": [
    {
      "type": "cantBeSold",
      "value": 0.0,
      "length": "permanent"
    },
    {
      "type": "canBePlayedOverOtherItems",
      "value": 0.0,
      "length": "permanent"
    },
    {
      "type": "canBeUsedByCR8Directly",
      "value": 0.0,
      "length": "permanent"
    }
  ]
}