{
  "name": "Old Log",
  "sprite": "Old Log.png",
  "shape": [
    "XX"
  ],
  "rarity": "Uncommon",
  "type": [
    "Ingredient"
  ],
  "group": [
    "Alchemy"
  ],
  "supported_characters": [
    "Purse",
    "Satchel",
    "CR8"
  ],
  "use_costs": {
    "energy": 1
  },
  "create_effects": [
    {
      "trigger": "onUse",
      "create_type": "trueRandom",
      "create_areas": [
        "row"
      ],
      "create_items": [
        {
          "BaseGameExport": "HERB"
        },
        {
          "BaseGameExport": "HERB"
        },
        {
          "BaseGameExport": "HERB"
        },
        {
          "BaseGameExport": "MAGICAL HERB"
        }
      ],
      "create_rarities": [
        "Common",
        "Uncommon",
        "Rare",
        "Legendary"
      ],
      "description": "Creates an herb in this row"
    }
  ]
}