{
  "name": "Overflowing Cup",
  "sprite": "Overflowing Cup.png",
  "shape": [
    "X"
  ],
  "rarity": "Rare",
  "type": [
    "Accessory"
  ],
  "supported_characters": [
    "Pochette"
  ],
  "use_costs": {
    "energy": 0
  },
  "use_limits": {
    "perCombat": 1
  },
  "movable": {
    "area": "board",
    "place_on_type_combat": "Pet"
  },
  "combat_effects": [
    {
      "trigger": "onUse",
      "type": "AllStatusEffects",
      "value": -1.0,
      "target": "statusFromItem",
      "math": "mul"
    },
    {
      "trigger": "onUse",
      "type": "HP",
      "value": 3.0,
      "target": "statusFromItem"
    }
  ],
  "item_status_effects": [
    {
      "type": "canBeMovedInCombatButReturnsToOriginalPosition",
      "value": 0.0,
      "length": "permanent"
    }
  ]
}