{
  "name": "Pandora's Box",
  "sprite": "Pandora's Box.png",
  "shape": [
    "X"
  ],
  "rarity": "Uncommon",
  "type": [
    "Accessory"
  ],
  "use_costs": {
    "energy": 0
  },
  "animation": "Attack",
  "combat_effects": [
    {
      "trigger": "onUse",
      "type": "Luck",
      "value": 10.0,
      "target": "player"
    },
    {
      "trigger": "onUse",
      "type": "Damage",
      "value": 10.0,
      "target": "allEnemies"
    }
  ],
  "create_effects": [
    {
      "trigger": "onUse",
      "create_type": "byType",
      "create_areas": [
        "board"
      ],
      "create_types": [
        "Curse"
      ],
      "number_of_items": 1
    }
  ],
  "modifiers": [
    {
      "trigger": "onUse",
      "effects": [
        {
          "type": "Destroy"
        }
      ],
      "stackable": false
    }
  ],
  "item_status_effects": [
    {
      "type": "projectile",
      "value": 0.0,
      "length": "permanent"
    }
  ]
}