{
  "name": "Philosopher's Stone",
  "sprite": "Philosopher's Stone.png",
  "shape": [
    "X"
  ],
  "rarity": "Legendary",
  "type": [
    "Accessory"
  ],
  "group": [
    "Alchemy"
  ],
  "supported_characters": [
    "Purse",
    "Satchel",
    "CR8",
    "Pochette"
  ],
  "use_costs": {
    "energy": 0
  },
  "use_limits": {
    "perTurn": 1
  },
  "combat_effects": [
    {
      "trigger": "onUse",
      "type": "AP",
      "target": "player"
    }
  ],
  "modifiers": [
    {
      "trigger": "constant",
      "trigger_on_type": [
        "Consumable"
      ],
      "trigger_area": [
        "adjacent",
        "diagonal"
      ],
      "effects": [
        {
          "type": "AP",
          "value": 1.0
        }
      ]
    },
    {
      "trigger": "onUse",
      "mod_area": [
        "adjacent",
        "diagonal"
      ],
      "effects": [
        {
          "type": "Destroy"
        }
      ],
      "mod_types": [
        "Consumable"
      ],
      "stackable": false
    }
  ]
}