{
  "name": "Poison Arrow",
  "sprite": "Poison Arrow.png",
  "shape": [
    "XX"
  ],
  "rarity": "Uncommon",
  "type": [
    "Arrow",
    "Weapon"
  ],
  "group": [
    "Archery"
  ],
  "supported_characters": [
    "Purse",
    "Satchel",
    "CR8"
  ],
  "combat_effects": [
    {
      "trigger": "onUse",
      "type": "Poison",
      "value": 2.0,
      "target": "enemy"
    }
  ],
  "modifiers": [
    {
      "trigger": "constant",
      "trigger_on_type": [
        "GridEmpty"
      ],
      "trigger_area": [
        "rightRotational"
      ],
      "effects": [
        {
          "type": "Poison",
          "value": 2.0
        }
      ]
    }
  ],
  "item_status_effects": [
    {
      "type": "projectile",
      "value": 0.0,
      "length": "permanent"
    },
    {
      "type": "canBeForged",
      "value": 1.0,
      "length": "permanent"
    }
  ]
}