{
  "name": "Poison Carving",
  "sprite": "Poison Carving.png",
  "shape": [
    "X"
  ],
  "rarity": "Common",
  "type": [
    "Potion",
    "Carving"
  ],
  "supported_characters": [
    "Tote"
  ],
  "movable": {
    "area": "board"
  },
  "combat_effects": [
    {
      "trigger": "onSummonCarving",
      "type": "Poison",
      "value": 4.0,
      "target": "enemy"
    }
  ],
  "modifiers": [
    {
      "trigger": "onSummonCarvingLate",
      "effects": [
        {
          "type": "DiscardCarving"
        }
      ],
      "stackable": false
    }
  ],
  "item_status_effects": [
    {
      "type": "canBeForged",
      "value": 1.0,
      "length": "permanent"
    }
  ],
  "carving": {
    "summon_costs": {
      "energy": 1
    }
  }
}