{
  "name": "Poison Bubble",
  "sprite": "Poison Bubble.png",
  "shape": [
    "X"
  ],
  "rarity": "Uncommon",
  "type": [
    "Accessory"
  ],
  "use_costs": {
    "energy": 0
  },
  "use_limits": {
    "perTurn": 1
  },
  "movable": {
    "area": "board",
    "place_on_type_combat": "Weapon"
  },
  "combat_effects": [
    {
      "trigger": "onUse",
      "type": "Poison",
      "value": 2.0,
      "target": "player"
    }
  ],
  "modifiers": [
    {
      "trigger": "onUse",
      "mod_area": [
        "myPlaySpace"
      ],
      "effects": [
        {
          "type": "Poison",
          "value": 5.0
        }
      ],
      "mod_types": [
        "Weapon"
      ],
      "length": "forCombat"
    }
  ],
  "item_status_effects": [
    {
      "type": "canBeMovedInCombatButReturnsToOriginalPosition",
      "value": 0.0,
      "length": "permanent"
    },
    {
      "type": "buoyant",
      "value": 0.0,
      "length": "permanent"
    }
  ]
}