{
  "name": "Poison Darts",
  "sprite": "Poison Darts.png",
  "shape": [
    "X"
  ],
  "rarity": "Common",
  "type": [
    "Dart",
    "Weapon"
  ],
  "animation": "Attack",
  "combat_effects": [
    {
      "trigger": "onUse",
      "type": "Poison",
      "value": 4.0,
      "target": "enemy"
    }
  ],
  "create_effects": [
    {
      "trigger": "onUse",
      "create_type": "inOpenSpaceByType",
      "create_areas": [
        "diagonal"
      ],
      "create_types": [
        "Dart"
      ]
    }
  ],
  "modifiers": [
    {
      "trigger": "onUse",
      "effects": [
        {
          "type": "Destroy"
        }
      ],
      "stackable": false
    }
  ]
}