{
  "name": "Possessed Pot",
  "sprite": "Possessed Pot.png",
  "shape": [
    "XX",
    "XX"
  ],
  "rarity": "Common",
  "type": [
    "Accessory",
    "Curse"
  ],
  "supported_characters": [
    "Purse",
    "Satchel",
    "CR8",
    "Pochette"
  ],
  "use_costs": {
    "energy": 1
  },
  "create_effects": [
    {
      "trigger": "onUse",
      "create_type": "trueRandom",
      "create_areas": [
        "row"
      ],
      "create_items": [
        {
          "BaseGameExport": "CLEANSING BOMB"
        },
        {
          "BaseGameExport": "CLEANSING POTION"
        },
        {
          "BaseGameExport": "LIQUID LUCK"
        },
        {
          "BaseGameExport": "VOLATILE POTION"
        },
        {
          "BaseGameExport": "ACIDIC POTION"
        },
        {
          "BaseGameExport": "DEBUFF POTION"
        },
        {
          "BaseGameExport": "REGEN POTION"
        },
        {
          "BaseGameExport": "POISON POTION"
        },
        {
          "BaseGameExport": "STAR POTION"
        },
        {
          "BaseGameExport": "DOUBLE POISON POTION"
        },
        {
          "BaseGameExport": "LIQUID ARMOR"
        }
      ],
      "create_rarities": [
        "Common",
        "Uncommon",
        "Rare",
        "Legendary"
      ],
      "description": "Creates a potion in this row"
    },
    {
      "trigger": "onTurnEnd",
      "create_type": "createCurse",
      "create_areas": [
        "row"
      ],
      "create_items": [
        {
          "BaseGameExport": "NOXIOUS FUMES"
        }
      ],
      "create_rarities": [
        "Common",
        "Uncommon",
        "Rare",
        "Legendary"
      ],
      "description": "Creates noxious fumes"
    }
  ],
  "modifiers": [
    {
      "trigger": "onUse",
      "effects": [
        {
          "type": "ItemStatusEffect",
          "item_status_effects": [
            {
              "type": "disabled",
              "value": 1.0,
              "length": "turns"
            }
          ]
        }
      ],
      "stackable": false
    }
  ],
  "item_status_effects": [
    {
      "type": "cantBeSold",
      "value": 0.0,
      "length": "permanent"
    },
    {
      "type": "heavy",
      "value": 0.0,
      "length": "permanent"
    }
  ]
}