{
  "name": "Pot Carving",
  "sprite": "Pot Carving.png",
  "shape": [
    "X"
  ],
  "rarity": "Uncommon",
  "type": [
    "Carving"
  ],
  "supported_characters": [
    "Tote"
  ],
  "movable": {
    "area": "board"
  },
  "combat_effects": [
    {
      "trigger": "onSummonCarving",
      "type": "DrawToteCarvings",
      "value": 2.0
    }
  ],
  "modifiers": [
    {
      "trigger": "onSummonCarvingLate",
      "effects": [
        {
          "type": "BanishCarving"
        }
      ],
      "stackable": false
    }
  ],
  "carving": {
    "summon_costs": {
      "energy": 0
    }
  }
}