{
  "name": "Reaper",
  "sprite": "Reaper.png",
  "shape": [
    "XX",
    "X-"
  ],
  "rarity": "Uncommon",
  "type": [
    "Weapon"
  ],
  "supported_characters": [
    "Pochette"
  ],
  "use_costs": {
    "energy": 1
  },
  "animation": "Attack",
  "combat_effects": [
    {
      "trigger": "onUse",
      "type": "Damage",
      "value": 8.0,
      "target": "everyoneButPochette"
    }
  ],
  "item_status_effects": [
    {
      "type": "canBeForged",
      "value": 3.0,
      "length": "permanent"
    }
  ]
}