{
  "name": "Red Hourglass",
  "sprite": "Red Hourglass.png",
  "shape": [
    "X",
    "X"
  ],
  "rarity": "Legendary",
  "type": [
    "Fragment"
  ],
  "supported_characters": [
    "Purse",
    "Satchel",
    "CR8",
    "Pochette"
  ],
  "animation": "Attack",
  "modifiers": [
    {
      "trigger": "constant",
      "mod_area": [
        "board"
      ],
      "effects": [
        {
          "type": "Damage",
          "value": 1,
          "math": "mul"
        }
      ],
      "mod_types": [
        "Weapon"
      ],
      "stackable": false
    }
  ],
  "add_modifiers": [
    {
      "trigger": "constantEarly",
      "addmod_area": [
        "board"
      ],
      "addmod_types": [
        "Weapon"
      ],
      "modifier": {
        "trigger": "onUse",
        "effects": [
          {
            "type": "Damage",
            "value": -1.0
          }
        ],
        "length": "permanent"
      },
      "addmod_length": "whileActive"
    }
  ]
}