{
  "name": "Red Tusk",
  "sprite": "Red Tusk.png",
  "shape": [
    "X"
  ],
  "rarity": "Legendary",
  "type": [
    "Fragment"
  ],
  "supported_characters": [
    "Purse",
    "Satchel",
    "CR8",
    "Pochette"
  ],
  "animation": "Attack",
  "modifiers": [
    {
      "trigger": "constant",
      "mod_area": [
        "board"
      ],
      "effects": [
        {
          "type": "ItemStatusEffect",
          "value": 5.0,
          "item_status_effects": [
            {
              "type": "cannotBeRotated",
              "value": 0.0,
              "length": "whileActive"
            }
          ]
        }
      ],
      "stackable": false,
      "description": "All items cannot be rotated"
    }
  ],
  "item_status_effects": [
    {
      "type": "cannotBeRotated",
      "value": 0.0,
      "length": "permanent"
    }
  ]
}