{
  "name": "Red Ribbon Rapier",
  "sprite": "Red Ribbon Rapier.png",
  "shape": [
    "X",
    "X",
    "X"
  ],
  "rarity": "Common",
  "type": [
    "Melee",
    "Weapon",
    "Curse"
  ],
  "supported_characters": [
    "Purse",
    "Satchel",
    "CR8",
    "Pochette"
  ],
  "use_costs": {
    "energy": 1
  },
  "animation": "Attack",
  "combat_effects": [
    {
      "trigger": "onUse",
      "type": "Damage",
      "value": 10.0,
      "target": "enemy"
    },
    {
      "trigger": "onUse",
      "type": "Damage",
      "value": 3.0,
      "target": "player"
    }
  ],
  "modifiers": [
    {
      "trigger": "onTakeDamage",
      "effects": [
        {
          "type": "ItemStatusEffect",
          "value": 1.0,
          "item_status_effects": [
            {
              "type": "disabled",
              "value": 1.0,
              "length": "combats"
            }
          ]
        }
      ],
      "stackable": false
    }
  ],
  "item_status_effects": [
    {
      "type": "cantBeSold",
      "value": 0.0,
      "length": "permanent"
    }
  ]
}