{
  "name": "Reeds",
  "sprite": "Reeds.png",
  "shape": [
    "X-",
    "-X"
  ],
  "rarity": "Common",
  "type": [
    "Shield",
    "Carving"
  ],
  "supported_characters": [
    "Tote"
  ],
  "animation": "Block",
  "movable": {
    "area": "board"
  },
  "combat_effects": [
    {
      "trigger": "onSummonCarving",
      "type": "Block",
      "value": 12.0,
      "target": "player"
    }
  ],
  "item_status_effects": [
    {
      "type": "canBeForged",
      "value": 2.0,
      "length": "permanent"
    }
  ],
  "carving": {
    "summon_costs": {
      "energy": 1
    }
  }
}