{
  "name": "Robot Toy",
  "sprite": "Robot Toy.png",
  "shape": [
    "X"
  ],
  "flavor": "I think it's broken!",
  "rarity": "Legendary",
  "type": [
    "Accessory"
  ],
  "group": [
    "Magic"
  ],
  "supported_characters": [
    "Purse",
    "Satchel"
  ],
  "animation": "Attack",
  "combat_effects": [
    {
      "trigger": "onTurnStart",
      "type": "Damage",
      "value": 1.0,
      "target": "allEnemies"
    }
  ],
  "modifiers": [
    {
      "trigger": "constant",
      "trigger_on_type": [
        "ManaStone"
      ],
      "trigger_area": [
        "connected"
      ],
      "effects": [
        {
          "type": "Damage",
          "value": 2.0
        }
      ]
    }
  ],
  "item_status_effects": [
    {
      "type": "conductive",
      "value": 0.0,
      "length": "permanent"
    },
    {
      "type": "projectile",
      "value": 0.0,
      "length": "permanent"
    }
  ]
}