{
  "name": "Rocket Silo",
  "sprite": "Rocket Silo.png",
  "shape": [
    "XX",
    "XX"
  ],
  "rarity": "Legendary",
  "type": [
    "Accessory"
  ],
  "supported_characters": [
    "CR8"
  ],
  "use_costs": {
    "energy": 0
  },
  "use_limits": {
    "perCombat": 1
  },
  "animation": "Attack",
  "create_effects": [
    {
      "trigger": "onUse",
      "create_type": "set",
      "create_areas": [
        "column"
      ],
      "create_items": [
        {
          "BaseGameExport": "ROCKET"
        }
      ],
      "description": "Creates a Rocket in this column"
    }
  ]
}