{
  "name": "Rose Of Thorns",
  "sprite": "Rose Of Thorns.png",
  "shape": [
    "X"
  ],
  "flavor": "Every rose has its thorns, especially this one",
  "rarity": "Common",
  "type": [
    "Plant",
    "Accessory"
  ],
  "group": [
    "Spikes"
  ],
  "supported_characters": [
    "Purse",
    "Satchel",
    "CR8",
    "Pochette"
  ],
  "animation": "Attack",
  "combat_effects": [
    {
      "trigger": "onTurnStart",
      "type": "Spikes",
      "value": 1.0,
      "target": "player"
    }
  ]
}