{
  "name": "Rubber Boot",
  "sprite": "Rubber Boot.png",
  "shape": [
    "X"
  ],
  "rarity": "Uncommon",
  "type": [
    "Accessory",
    "Treat"
  ],
  "supported_characters": [
    "Pochette"
  ],
  "modifiers": [
    {
      "trigger": "constant",
      "effects": [
        {
          "type": "Block",
          "value": 1.0
        }
      ]
    },
    {
      "trigger": "constant",
      "mod_area": [
        "bottom"
      ],
      "effects": [
        {
          "type": "ItemStatusEffect",
          "value": 4.0,
          "item_status_effects": [
            {
              "apply_immediately": true,
              "type": "disabled",
              "value": 0.0,
              "length": "whileActive"
            }
          ]
        }
      ],
      "mod_distance": "adjacent"
    }
  ]
}