{
  "name": "Amanita Mushroom",
  "sprite": "Amanita Mushroom.png",
  "shape": [
    "X"
  ],
  "rarity": "Uncommon",
  "type": [
    "Plant",
    "Carving"
  ],
  "supported_characters": [
    "Tote"
  ],
  "animation": "Attack",
  "movable": {
    "area": "board"
  },
  "combat_effects": [
    {
      "trigger": "onUse",
      "trigger_on_type": [
        "Consumable"
      ],
      "trigger_area": [
        "adjacent"
      ],
      "type": "Poison",
      "value": 5.0,
      "target": "enemy"
    }
  ],
  "modifiers": [
    {
      "trigger": "constant",
      "mod_area": [
        "adjacent"
      ],
      "effects": [
        {
          "type": "Poison",
          "value": 3.0
        }
      ],
      "mod_types": [
        "Weapon"
      ],
      "stackable": false
    },
    {
      "trigger": "onUse",
      "trigger_on_type": [
        "Consumable"
      ],
      "trigger_area": [
        "adjacent"
      ],
      "effects": [
        {
          "type": "DiscardCarving"
        }
      ],
      "stackable": false
    }
  ],
  "carving": {
    "summon_costs": {
      "energy": 0
    }
  }
}