{
  "name": "Amethyst Buckler",
  "sprite": "Amethyst Buckler.png",
  "shape": [
    "X"
  ],
  "rarity": "Rare",
  "type": [
    "Gem",
    "Shield"
  ],
  "group": [
    "Melee"
  ],
  "supported_characters": [
    "Purse",
    "Satchel",
    "CR8",
    "Pochette"
  ],
  "use_costs": {
    "energy": 1
  },
  "animation": "Block",
  "combat_effects": [
    {
      "trigger": "onUse",
      "type": "Block",
      "value": 6.0,
      "target": "player"
    }
  ],
  "modifiers": [
    {
      "trigger": "constant",
      "mod_area": [
        "row"
      ],
      "effects": [
        {
          "type": "Damage",
          "value": 1.0
        }
      ],
      "mod_types": [
        "Weapon"
      ],
      "stackable": false
    }
  ]
}