{
  "name": "Ancient Tome",
  "sprite": "Ancient Tome.png",
  "shape": [
    "X"
  ],
  "flavor": "Ancient spells are written in the margins of this recipe book",
  "rarity": "Uncommon",
  "type": [
    "Magic",
    "Book",
    "Accessory"
  ],
  "group": [
    "Magic"
  ],
  "supported_characters": [
    "Purse",
    "Satchel",
    "CR8",
    "Pochette"
  ],
  "use_costs": {
    "energy": 0
  },
  "combat_effects": [
    {
      "trigger": "onUse",
      "type": "Mana",
      "value": 1.0
    }
  ],
  "modifiers": [
    {
      "trigger": "onUse",
      "effects": [
        {
          "type": "ItemStatusEffect",
          "value": 1.0,
          "item_status_effects": [
            {
              "type": "AddToEnergyCost",
              "value": 1,
              "length": "turns"
            }
          ]
        }
      ]
    }
  ],
  "item_status_effects": [
    {
      "type": "conductive",
      "value": 0,
      "length": "permanent"
    }
  ]
}