{
  "name": "Angler Fish",
  "sprite": "Angler Fish.png",
  "shape": [
    "XX"
  ],
  "rarity": "Rare",
  "type": [
    "Fish",
    "Consumable"
  ],
  "group": [
    "Fish"
  ],
  "supported_characters": [
    "Satchel",
    "Purse",
    "Tote",
    "Pochette"
  ],
  "use_costs": {
    "energy": 0
  },
  "combat_effects": [
    {
      "trigger": "onUse",
      "type": "Regen",
      "value": 6.0,
      "target": "player"
    },
    {
      "trigger": "onUse",
      "type": "Luck",
      "value": 5.0,
      "target": "player"
    }
  ],
  "modifiers": [
    {
      "trigger": "onUse",
      "effects": [
        {
          "type": "Destroy"
        }
      ],
      "stackable": false
    }
  ]
}