{
  "name": "Archangel Armor",
  "sprite": "Archangel Armor.png",
  "shape": [
    "XX",
    "XX"
  ],
  "rarity": "Legendary",
  "type": [
    "Clothing",
    "Armor"
  ],
  "supported_characters": [
    "Purse",
    "Satchel",
    "CR8",
    "Pochette"
  ],
  "animation": "Attack",
  "combat_effects": [
    {
      "trigger": "onTurnStart",
      "type": "Block",
      "value": 2.0,
      "target": "player"
    },
    {
      "trigger": "onTurnStart",
      "type": "Haste",
      "value": 2.0,
      "target": "player"
    }
  ],
  "modifiers": [
    {
      "trigger": "constant",
      "mod_area": [
        "adjacent"
      ],
      "effects": [
        {
          "type": "Block",
          "value": 1.0
        }
      ],
      "mod_types": [
        "Helmet"
      ],
      "stackable": false
    },
    {
      "trigger": "constant",
      "mod_area": [
        "adjacent"
      ],
      "effects": [
        {
          "type": "Block",
          "value": -1.0
        }
      ],
      "mod_types": [
        "Footwear"
      ],
      "stackable": false
    }
  ],
  "item_status_effects": [
    {
      "type": "canBeForged",
      "value": 1,
      "length": "permanent"
    }
  ]
}