{
  "name": "Assassin's Dagger",
  "sprite": "Assassin's Dagger.png",
  "shape": [
    "X",
    "X"
  ],
  "rarity": "Legendary",
  "type": [
    "Melee",
    "Weapon"
  ],
  "supported_characters": [
    "Purse",
    "Satchel",
    "CR8",
    "Pochette"
  ],
  "use_costs": {
    "energy": 2
  },
  "animation": "Attack",
  "combat_effects": [
    {
      "trigger": "onUse",
      "type": "Damage",
      "value": 3.0,
      "target": "enemy"
    }
  ],
  "modifiers": [
    {
      "trigger": "onKillNonSummonEnemy",
      "effects": [
        {
          "type": "Damage",
          "value": 1.0,
          "target": "enemy"
        }
      ],
      "length": "permanent"
    }
  ],
  "item_status_effects": [
    {
      "type": "canBeForged",
      "value": 2,
      "length": "permanent"
    }
  ]
}