{
  "name": "Bashing Shield",
  "sprite": "Bashing Shield.png",
  "shape": [
    "XX",
    "XX"
  ],
  "rarity": "Legendary",
  "type": [
    "Shield"
  ],
  "supported_characters": [
    "Purse",
    "Satchel",
    "CR8",
    "Pochette"
  ],
  "use_costs": {
    "energy": 1
  },
  "animation": "Attack",
  "combat_effects": [
    {
      "trigger": "onUse",
      "type": "Damage",
      "target": "enemy"
    },
    {
      "trigger": "onUse",
      "type": "Block",
      "value": -0.5,
      "target": "player",
      "math": "mul"
    }
  ],
  "modifiers": [
    {
      "trigger": "constant",
      "effects": [
        {
          "type": "Damage",
          "value": {
            "replace_with": "PlayerBlock"
          }
        }
      ],
      "stackable": false,
      "description": "Does damage equal to your current block"
    }
  ],
  "item_status_effects": [
    {
      "type": "canBeForged",
      "value": 2,
      "length": "permanent"
    }
  ]
}