{
  "name": "Bells",
  "sprite": "Bells.png",
  "shape": [
    "X-",
    "-X"
  ],
  "rarity": "Legendary",
  "type": [
    "Festive",
    "Instrument"
  ],
  "group": [
    "Festive"
  ],
  "supported_characters": [
    "Satchel"
  ],
  "combat_effects": [
    {
      "trigger": "onUse",
      "type": "Charm",
      "value": 1.0,
      "target": "enemy"
    }
  ],
  "modifiers": [
    {
      "trigger": "onUse",
      "trigger_on_type": [
        "Weapon"
      ],
      "trigger_area": [
        "adjacent"
      ],
      "effects": [
        {
          "type": "Activate"
        }
      ],
      "stackable": false
    },
    {
      "trigger": "onUse",
      "effects": [
        {
          "type": "Charm",
          "value": 1.0,
          "target": "enemy"
        }
      ],
      "stackable": false
    }
  ]
}