{
  "name": "Bird Arrow",
  "sprite": "Bird Arrow.png",
  "shape": [
    "XX"
  ],
  "rarity": "Rare",
  "type": [
    "Arrow",
    "Weapon"
  ],
  "supported_characters": [
    "Satchel"
  ],
  "combat_effects": [
    {
      "trigger": "onUse",
      "type": "Damage",
      "value": 3.0,
      "target": "enemy"
    }
  ],
  "modifiers": [
    {
      "trigger": "constant",
      "effects": [
        {
          "type": "Damage",
          "value": {
            "replace_with": "numOfSpacesInAllOtherPockets"
          }
        }
      ]
    }
  ],
  "item_status_effects": [
    {
      "type": "projectile",
      "value": 0,
      "length": "permanent"
    },
    {
      "type": "canBeForged",
      "value": 3,
      "length": "permanent"
    }
  ]
}