{
  "name": "Blood Bow",
  "sprite": "Blood Bow.png",
  "shape": [
    "X",
    "X",
    "X"
  ],
  "rarity": "Common",
  "type": [
    "Bow",
    "Curse"
  ],
  "group": [
    "Archery"
  ],
  "supported_characters": [
    "Purse",
    "Satchel",
    "CR8"
  ],
  "use_costs": {
    "energy": 1
  },
  "animation": "FireArrow",
  "modifiers": [
    {
      "trigger": "onUse",
      "mod_area": [
        "rightRotational"
      ],
      "effects": [
        {
          "type": "Activate"
        }
      ],
      "mod_types": [
        "Arrow"
      ],
      "mod_distance": "closest",
      "stackable": false
    }
  ],
  "movement_effects": [
    {
      "trigger": "onUse",
      "rotation": 2.0,
      "movement_type": "global",
      "movement_length": "oneSpace"
    }
  ],
  "item_status_effects": [
    {
      "type": "cantBeSold",
      "value": 1,
      "length": "permanent"
    }
  ]
}