{
  "name": "Bolt Carving",
  "sprite": "Bolt Carving.png",
  "shape": [
    "X"
  ],
  "rarity": "Uncommon",
  "type": [
    "Carving"
  ],
  "supported_characters": [
    "Tote"
  ],
  "movable": {
    "area": "board"
  },
  "modifiers": [
    {
      "trigger": "constant",
      "mod_area": [
        "connected"
      ],
      "effects": [
        {
          "type": "Damage",
          "value": 3.0
        }
      ],
      "mod_types": [
        "Weapon"
      ]
    }
  ],
  "item_status_effects": [
    {
      "type": "conductive",
      "value": 0,
      "length": "permanent"
    }
  ],
  "carving": {
    "summon_costs": {
      "energy": 0
    }
  }
}