{
  "name": "Bombstone",
  "sprite": "Bombstone.png",
  "shape": [
    "X"
  ],
  "rarity": "Legendary",
  "type": [
    "Relic"
  ],
  "supported_characters": [
    "Purse",
    "Satchel",
    "CR8",
    "Pochette"
  ],
  "use_costs": {
    "energy": 1
  },
  "animation": "FireArrow",
  "movable": {
    "area": "board",
    "place_on_type_combat": "Any"
  },
  "modifiers": [
    {
      "trigger": "useEarly",
      "mod_area": [
        "myPlaySpace"
      ],
      "effects": [
        {
          "type": "Damage",
          "value": 5.0,
          "math": "mul"
        }
      ],
      "mod_types": [
        "Weapon"
      ],
      "length": "permanent",
      "stackable": false
    },
    {
      "trigger": "onUse",
      "mod_area": [
        "myPlaySpace"
      ],
      "effects": [
        {
          "type": "Activate",
          "value": 5.0,
          "math": "mul"
        }
      ],
      "mod_types": [
        "Weapon"
      ],
      "stackable": false
    },
    {
      "trigger": "useLate",
      "mod_area": [
        "myPlaySpace"
      ],
      "effects": [
        {
          "type": "Destroy",
          "value": 5.0,
          "math": "mul"
        }
      ],
      "mod_types": [
        "Weapon"
      ],
      "stackable": false
    }
  ],
  "item_status_effects": [
    {
      "type": "canBeMovedInCombat",
      "value": 0,
      "length": "permanent"
    }
  ]
}