{
  "name": "Brother's Bow",
  "sprite": "Brother's Bow.png",
  "shape": [
    "X",
    "X",
    "X"
  ],
  "rarity": "Uncommon",
  "type": [
    "Kin",
    "Bow",
    "Carving"
  ],
  "supported_characters": [
    "Tote"
  ],
  "use_costs": {
    "energy": 1
  },
  "animation": "FireArrow",
  "movable": {
    "area": "board"
  },
  "modifiers": [
    {
      "trigger": "onUse",
      "mod_area": [
        "rightRotational"
      ],
      "effects": [
        {
          "type": "Activate"
        }
      ],
      "mod_types": [
        "Arrow"
      ],
      "mod_distance": "closest",
      "stackable": false
    }
  ],
  "item_status_effects": [
    {
      "type": "canBeForged",
      "value": 1,
      "length": "permanent"
    }
  ],
  "carving": {
    "summon_costs": {
      "energy": 0
    }
  }
}