{
  "name": "Brother's Ring",
  "sprite": "Brother's Ring.png",
  "shape": [
    "X"
  ],
  "rarity": "Legendary",
  "type": [
    "Magic",
    "Ring",
    "Accessory",
    "Carving"
  ],
  "supported_characters": [
    "Tote"
  ],
  "animation": "Attack",
  "movable": {
    "area": "board"
  },
  "modifiers": [
    {
      "trigger": "whenManaFlowsThrough",
      "effects": [
        {
          "type": "DiscardCarving"
        }
      ],
      "stackable": false
    },
    {
      "trigger": "whenManaFlowsThrough",
      "mod_area": [
        "adjacent"
      ],
      "effects": [
        {
          "type": "Activate"
        }
      ],
      "mod_types": [
        "Kin"
      ],
      "stackable": false
    }
  ],
  "item_status_effects": [
    {
      "type": "conductive",
      "value": 0,
      "length": "permanent"
    }
  ],
  "carving": {
    "summon_costs": {
      "energy": 0
    }
  }
}