{
  "name": "Brutal Spear",
  "sprite": "Brutal Spear.png",
  "shape": [
    "X",
    "X",
    "X"
  ],
  "rarity": "Uncommon",
  "type": [
    "Melee",
    "Weapon"
  ],
  "group": [
    "Melee"
  ],
  "supported_characters": [
    "Purse",
    "Satchel",
    "CR8"
  ],
  "use_costs": {
    "energy": 1
  },
  "animation": "Attack",
  "combat_effects": [
    {
      "trigger": "onUse",
      "type": "Damage",
      "value": 8.0,
      "target": "enemy"
    }
  ],
  "modifiers": [
    {
      "trigger": "onUse",
      "effects": [
        {
          "type": "Damage",
          "value": 1.0
        }
      ],
      "length": "forTurn"
    }
  ],
  "item_status_effects": [
    {
      "type": "canBeForged",
      "value": 2,
      "length": "permanent"
    }
  ]
}