{
  "name": "Bubble",
  "sprite": "Bubble.png",
  "shape": [
    "X"
  ],
  "rarity": "Uncommon",
  "type": [
    "Consumable"
  ],
  "supported_characters": [
    "Purse",
    "Satchel",
    "CR8",
    "Pochette"
  ],
  "use_costs": {
    "energy": 0
  },
  "combat_effects": [
    {
      "trigger": "onUse",
      "type": "Regen",
      "value": 2.0,
      "target": "player"
    },
    {
      "trigger": "onUse",
      "type": "Haste",
      "value": 2.0,
      "target": "player"
    },
    {
      "trigger": "onUse",
      "type": "AP",
      "value": 1.0,
      "target": "player"
    }
  ],
  "modifiers": [
    {
      "trigger": "onUse",
      "effects": [
        {
          "type": "Destroy"
        }
      ],
      "stackable": false
    }
  ],
  "item_status_effects": [
    {
      "type": "buoyant",
      "value": 0,
      "length": "permanent"
    }
  ]
}