{
  "name": "Candy Corn Blade",
  "sprite": "Candy Corn Blade.png",
  "shape": [
    "X",
    "X",
    "X"
  ],
  "rarity": "Legendary",
  "type": [
    "Scary",
    "Melee",
    "Weapon"
  ],
  "use_costs": {
    "energy": 1
  },
  "animation": "Attack",
  "combat_effects": [
    {
      "trigger": "onUse",
      "type": "Damage",
      "value": 10.0,
      "target": "enemy"
    }
  ],
  "modifiers": [
    {
      "trigger": "onDestroy",
      "trigger_on_type": [
        "Scary"
      ],
      "trigger_area": [
        "adjacent"
      ],
      "effects": [
        {
          "type": "Damage",
          "value": 1.0
        }
      ],
      "length": "permanent"
    }
  ],
  "item_status_effects": [
    {
      "type": "canBeForged",
      "value": 4,
      "length": "permanent"
    }
  ]
}