{
  "name": "Candy Cane Blade",
  "sprite": "Candy Cane Blade.png",
  "shape": [
    "X",
    "X"
  ],
  "rarity": "Rare",
  "type": [
    "Festive",
    "Melee",
    "Weapon"
  ],
  "group": [
    "Festive"
  ],
  "use_costs": {
    "energy": 1
  },
  "animation": "Attack",
  "combat_effects": [
    {
      "trigger": "onUse",
      "type": "Damage",
      "value": 6.0,
      "target": "enemy"
    }
  ],
  "modifiers": [
    {
      "trigger": "onDestroy",
      "trigger_on_type": [
        "Festive"
      ],
      "trigger_area": [
        "adjacent"
      ],
      "effects": [
        {
          "type": "Damage",
          "value": 1.0,
          "target": "enemy"
        }
      ],
      "length": "permanent"
    },
    {
      "trigger": "useEarly",
      "mod_area": [
        "adjacent"
      ],
      "effects": [
        {
          "type": "Destroy",
          "value": 1.0,
          "target": "enemy"
        }
      ],
      "mod_types": [
        "Festive"
      ],
      "stackable": false,
      "description": "Adjacent festive items are destroyed"
    }
  ],
  "item_status_effects": [
    {
      "type": "canBeForged",
      "value": 2,
      "length": "permanent"
    }
  ]
}