{
  "name": "Candy Corn",
  "sprite": "Candy Corn.png",
  "shape": [
    "X"
  ],
  "rarity": "Uncommon",
  "type": [
    "Scary",
    "Consumable"
  ],
  "use_costs": {
    "energy": 0
  },
  "combat_effects": [
    {
      "trigger": "onUse",
      "type": "Rage",
      "value": 6.0,
      "target": "player"
    },
    {
      "trigger": "onUse",
      "type": "Poison",
      "value": 1.0,
      "target": "player"
    }
  ],
  "modifiers": [
    {
      "trigger": "onUse",
      "effects": [
        {
          "type": "Destroy"
        }
      ],
      "stackable": false
    }
  ]
}