{
  "name": "Candy Apple",
  "sprite": "Candy Apple.png",
  "shape": [
    "X"
  ],
  "rarity": "Common",
  "type": [
    "Scary",
    "Consumable"
  ],
  "use_costs": {
    "energy": 0
  },
  "combat_effects": [
    {
      "trigger": "onUse",
      "type": "HP",
      "value": 10.0,
      "target": "player"
    }
  ],
  "modifiers": [
    {
      "trigger": "onUse",
      "mod_area": [
        "adjacent"
      ],
      "effects": [
        {
          "type": "ItemStatusEffect",
          "value": 2.0,
          "item_status_effects": [
            {
              "type": "locked",
              "value": 2,
              "length": "combats"
            }
          ]
        }
      ],
      "stackable": false
    },
    {
      "trigger": "onUse",
      "effects": [
        {
          "type": "Destroy"
        }
      ],
      "stackable": false
    }
  ]
}