{
  "name": "Carving's Edge",
  "sprite": "Carving's Edge.png",
  "shape": [
    "X",
    "X"
  ],
  "rarity": "Uncommon",
  "type": [
    "Melee",
    "Weapon",
    "Carving"
  ],
  "supported_characters": [
    "Tote"
  ],
  "movable": {
    "area": "board"
  },
  "combat_effects": [
    {
      "trigger": "onSummonCarving",
      "type": "Damage",
      "value": 8.0,
      "target": "enemy"
    }
  ],
  "modifiers": [
    {
      "trigger": "onSummonCarvingLate",
      "mod_area": [
        "adjacent"
      ],
      "effects": [
        {
          "type": "BanishCarving"
        }
      ],
      "mod_types": [
        "Carving"
      ],
      "stackable": false
    },
    {
      "trigger": "onSummonCarvingLate",
      "effects": [
        {
          "type": "DiscardCarving"
        }
      ],
      "stackable": false
    }
  ],
  "item_status_effects": [
    {
      "type": "canBeForged",
      "value": 2,
      "length": "permanent"
    }
  ],
  "carving": {
    "summon_costs": {
      "energy": 0
    }
  }
}