{
  "name": "Cauldron",
  "sprite": [
    "Cauldron_0.png",
    "Cauldron_1.png"
  ],
  "shape": [
    "XX",
    "XX"
  ],
  "rarity": "Uncommon",
  "type": [
    "Accessory"
  ],
  "group": [
    "Alchemy"
  ],
  "supported_characters": [
    "Purse",
    "Satchel",
    "CR8",
    "Pochette"
  ],
  "use_costs": {
    "energy": 1
  },
  "use_limits": {
    "perCombat": 1
  },
  "create_effects": [
    {
      "trigger": "onUse",
      "create_type": "trueRandom",
      "create_areas": [
        "row"
      ],
      "create_items": [
        {
          "BaseGameReimport": "CLEANSING BOMB"
        },
        {
          "BaseGameReimport": "CLEANSING POTION"
        },
        {
          "BaseGameReimport": "LIQUID LUCK"
        },
        {
          "BaseGameReimport": "VOLATILE POTION"
        },
        {
          "BaseGameReimport": "ACIDIC POTION"
        },
        {
          "BaseGameReimport": "DEBUFF POTION"
        },
        {
          "BaseGameReimport": "REGEN POTION"
        },
        {
          "BaseGameReimport": "POISON POTION"
        },
        {
          "BaseGameReimport": "STAR POTION"
        },
        {
          "BaseGameReimport": "DOUBLE POISON POTION"
        },
        {
          "BaseGameReimport": "LIQUID ARMOR"
        }
      ],
      "create_rarities": [
        "Common",
        "Uncommon",
        "Rare",
        "Legendary"
      ],
      "description": "Creates a potion in this row"
    }
  ],
  "modifiers": [
    {
      "trigger": "onDestroy",
      "trigger_area": [
        "column"
      ],
      "effects": [
        {
          "type": "resetUsesPerCombat"
        }
      ],
      "stackable": false
    }
  ],
  "item_status_effects": [
    {
      "type": "heavy",
      "value": 0,
      "length": "permanent"
    }
  ]
}