{
  "name": "Charging Manastone",
  "sprite": "Charging Manastone.png",
  "shape": [
    "X"
  ],
  "rarity": "Rare",
  "type": [
    "ManaStone"
  ],
  "group": [
    "Magic"
  ],
  "animation": "Attack",
  "combat_effects": [
    {
      "trigger": "onTurnStart",
      "type": "ManaToSelfOnly",
      "value": 99.0
    }
  ],
  "item_status_effects": [
    {
      "type": "conductive",
      "value": 0,
      "length": "permanent"
    }
  ],
  "manastone": {
    "max_mana": 1
  }
}