{
  "name": "Chipped Sword",
  "sprite": "Chipped Sword.png",
  "shape": [
    "X",
    "X",
    "X"
  ],
  "rarity": "Uncommon",
  "type": [
    "Melee",
    "Weapon"
  ],
  "group": [
    "Melee",
    "Berserker"
  ],
  "supported_characters": [
    "Purse",
    "Satchel",
    "CR8",
    "Pochette"
  ],
  "use_costs": {
    "energy": 0
  },
  "animation": "Attack",
  "combat_effects": [
    {
      "trigger": "onUse",
      "type": "Damage",
      "value": 8.0,
      "target": "enemy"
    }
  ],
  "modifiers": [
    {
      "trigger": "onUse",
      "effects": [
        {
          "type": "ItemStatusEffect",
          "value": 1.0,
          "item_status_effects": [
            {
              "type": "AddToEnergyCost",
              "value": 1,
              "length": "turns"
            }
          ]
        }
      ],
      "stackable": false
    }
  ],
  "item_status_effects": [
    {
      "type": "canBeForged",
      "value": 1,
      "length": "permanent"
    }
  ]
}