{
  "name": "Classic Guitar",
  "sprite": "Classic Guitar.png",
  "shape": [
    "X",
    "X"
  ],
  "rarity": "Common",
  "type": [
    "Instrument"
  ],
  "group": [
    "Charmer",
    "Pacifist"
  ],
  "supported_characters": [
    "Satchel"
  ],
  "use_costs": {
    "energy": 0
  },
  "use_limits": {
    "perTurn": 1
  },
  "soundeffect": "guitar",
  "combat_effects": [
    {
      "trigger": "onUse",
      "type": "Charm",
      "value": 3.0,
      "target": "enemy"
    }
  ],
  "item_status_effects": [
    {
      "type": "canBeForged",
      "value": 1,
      "length": "permanent"
    }
  ]
}