{
  "name": "Cleansing Wand",
  "sprite": "Cleansing Wand.png",
  "shape": [
    "X"
  ],
  "flavor": "I think this wand used to be a broom!",
  "rarity": "Uncommon",
  "type": [
    "Magic",
    "Wand"
  ],
  "group": [
    "Poison"
  ],
  "supported_characters": [
    "Purse",
    "Satchel",
    "CR8",
    "Pochette"
  ],
  "use_costs": {
    "mana": 1
  },
  "animation": "Attack",
  "combat_effects": [
    {
      "trigger": "onUse",
      "type": "AllStatusEffects",
      "value": -1.0,
      "target": "enemy",
      "math": "mul"
    }
  ],
  "item_status_effects": [
    {
      "type": "conductive",
      "value": 0,
      "length": "permanent"
    },
    {
      "type": "canBeForged",
      "value": 1,
      "length": "permanent"
    }
  ]
}