{
  "name": "Cloud Sword",
  "sprite": "Cloud Sword.png",
  "shape": [
    "X",
    "X",
    "X"
  ],
  "flavor": "It floats and stabs!",
  "rarity": "Legendary",
  "type": [
    "Melee",
    "Weapon"
  ],
  "group": [
    "Melee"
  ],
  "supported_characters": [
    "Purse",
    "Satchel",
    "CR8"
  ],
  "use_costs": {
    "energy": 1
  },
  "animation": "Attack",
  "combat_effects": [
    {
      "trigger": "onUse",
      "type": "Damage",
      "value": 8.0,
      "target": "enemy"
    }
  ],
  "modifiers": [
    {
      "trigger": "constant",
      "trigger_on_type": [
        "Structure"
      ],
      "trigger_area": [
        "adjacent",
        "diagonal"
      ],
      "effects": [
        {
          "type": "Damage",
          "value": 2.0
        }
      ]
    }
  ],
  "item_status_effects": [
    {
      "type": "buoyant",
      "value": 0,
      "length": "permanent"
    },
    {
      "type": "canBeForged",
      "value": 3,
      "length": "permanent"
    }
  ]
}