{
  "name": "Copy Star",
  "sprite": "Copy Star.png",
  "shape": [
    "X"
  ],
  "rarity": "Uncommon",
  "type": [
    "Shuriken",
    "Weapon"
  ],
  "group": [
    "Shuriken"
  ],
  "supported_characters": [
    "Purse",
    "Satchel"
  ],
  "use_costs": {
    "energy": 0
  },
  "animation": "FireArrow",
  "combat_effects": [
    {
      "trigger": "onUse",
      "type": "Damage",
      "value": 6.0,
      "target": "enemy"
    }
  ],
  "create_effects": [
    {
      "trigger": "onUse",
      "create_type": "inOpenSpaceByType",
      "create_areas": [
        "adjacent"
      ],
      "create_types": [
        "Shuriken"
      ],
      "create_rarities": [
        "Common"
      ],
      "description": "Creates shurikens in empty adjacent spaces"
    }
  ],
  "modifiers": [
    {
      "trigger": "onUse",
      "effects": [
        {
          "type": "Destroy"
        }
      ],
      "stackable": false
    }
  ],
  "item_status_effects": [
    {
      "type": "projectile",
      "value": 0,
      "length": "permanent"
    }
  ]
}