{
  "name": "Crimson Energy",
  "sprite": "Crimson Energy.png",
  "shape": [
    "X"
  ],
  "rarity": "Legendary",
  "type": [
    "Accessory"
  ],
  "supported_characters": [
    "Purse",
    "Satchel",
    "Tote",
    "Pochette"
  ],
  "animation": "Attack",
  "combat_effects": [
    {
      "trigger": "onTurnStart",
      "type": "AP",
      "value": 1.0
    }
  ],
  "modifiers": [
    {
      "trigger": "constant",
      "trigger_area": [
        "oneSpaceOver"
      ],
      "effects": [
        {
          "type": "ItemStatusEffect",
          "value": -1.0,
          "item_status_effects": [
            {
              "type": "disabled",
              "value": 0,
              "length": "whileActive"
            }
          ]
        }
      ],
      "stackable": false
    }
  ]
}