{
  "name": "Crooked Arrow",
  "sprite": "Crooked Arrow.png",
  "shape": [
    "XX",
    "X-"
  ],
  "rarity": "Rare",
  "type": [
    "Arrow",
    "Weapon"
  ],
  "group": [
    "Archery"
  ],
  "supported_characters": [
    "Purse",
    "Satchel",
    "CR8"
  ],
  "combat_effects": [
    {
      "trigger": "onUse",
      "type": "Damage",
      "value": 3.0,
      "target": "enemy"
    }
  ],
  "modifiers": [
    {
      "trigger": "constant",
      "trigger_on_type": [
        "GridEmpty"
      ],
      "trigger_area": [
        "rightRotational"
      ],
      "effects": [
        {
          "type": "Damage",
          "value": 2.0
        }
      ]
    }
  ],
  "item_status_effects": [
    {
      "type": "projectile",
      "value": 0,
      "length": "permanent"
    },
    {
      "type": "canBeForged",
      "value": 2,
      "length": "permanent"
    }
  ]
}