{
  "name": "Crown Of Roots",
  "sprite": "Crown Of Roots.png",
  "shape": [
    "X"
  ],
  "rarity": "Uncommon",
  "type": [
    "Helmet",
    "Armor",
    "Carving"
  ],
  "supported_characters": [
    "Tote"
  ],
  "movable": {
    "area": "board"
  },
  "combat_effects": [
    {
      "trigger": "whenAttacked",
      "type": "Spikes",
      "value": 1.0,
      "target": "player"
    }
  ],
  "modifiers": [
    {
      "trigger": "constant",
      "trigger_on_type": [
        "GridEmpty"
      ],
      "trigger_area": [
        "bottom"
      ],
      "effects": [
        {
          "type": "Spikes",
          "value": 1.0,
          "target": "player"
        }
      ]
    }
  ],
  "item_status_effects": [
    {
      "type": "canBeForged",
      "value": 1,
      "length": "permanent"
    }
  ],
  "carving": {
    "summon_costs": {
      "energy": 1
    }
  }
}