{
  "name": "Cursed Shield",
  "sprite": "Cursed Shield.png",
  "shape": [
    "XX",
    "XX"
  ],
  "rarity": "Common",
  "type": [
    "Shield",
    "Curse"
  ],
  "supported_characters": [
    "Purse",
    "Satchel",
    "CR8",
    "Pochette"
  ],
  "use_costs": {
    "energy": 1
  },
  "animation": "Attack",
  "combat_effects": [
    {
      "trigger": "onUse",
      "type": "Block",
      "value": 10.0,
      "target": "player"
    },
    {
      "trigger": "onUse",
      "type": "Dodge",
      "value": 1.0,
      "target": "allEnemies"
    }
  ],
  "item_status_effects": [
    {
      "type": "cantBeSold",
      "value": 0,
      "length": "permanent"
    }
  ]
}