{
  "name": "Cymbals",
  "sprite": "Cymbals.png",
  "shape": [
    "X"
  ],
  "rarity": "Rare",
  "type": [
    "Drum"
  ],
  "group": [
    "Charmer",
    "Pacifist"
  ],
  "supported_characters": [
    "Satchel"
  ],
  "use_costs": {
    "energy": 1
  },
  "soundeffect": "cymbal",
  "combat_effects": [
    {
      "trigger": "whenAttacked",
      "needs_activation": true,
      "type": "Charm",
      "value": 2.0,
      "target": "allEnemies"
    }
  ],
  "modifiers": [
    {
      "trigger": "onUse",
      "effects": [
        {
          "type": "ItemStatusEffect",
          "item_status_effects": [
            {
              "type": "isActivated",
              "value": 1,
              "length": "combats"
            }
          ]
        }
      ],
      "stackable": false
    }
  ]
}