{
  "name": "Dark Whetstone",
  "sprite": "Dark Whetstone.png",
  "shape": [
    "X"
  ],
  "rarity": "Legendary",
  "type": [
    "Accessory"
  ],
  "group": [
    "Berserker"
  ],
  "supported_characters": [
    "Purse",
    "Satchel",
    "CR8",
    "Pochette"
  ],
  "use_costs": {
    "energy": 1
  },
  "use_limits": {
    "perTurn": 1
  },
  "modifiers": [
    {
      "trigger": "onUse",
      "mod_area": [
        "row"
      ],
      "effects": [
        {
          "type": "Weak",
          "value": 1.0
        }
      ],
      "mod_types": [
        "Weapon"
      ],
      "length": "forCombat"
    }
  ]
}