{
  "name": "Daughter's Diary",
  "sprite": "Daughter's Diary.png",
  "shape": [
    "X"
  ],
  "flavor": "It's personal",
  "rarity": "Uncommon",
  "type": [
    "Magic",
    "Kin",
    "Book",
    "Accessory",
    "Carving"
  ],
  "supported_characters": [
    "Tote"
  ],
  "use_costs": {
    "energy": 1
  },
  "movable": {
    "area": "board"
  },
  "combat_effects": [
    {
      "trigger": "onUse",
      "type": "DrawToteCarvings",
      "value": 1.0
    }
  ],
  "modifiers": [
    {
      "trigger": "constant",
      "mod_area": [
        "board"
      ],
      "effects": [
        {
          "type": "Damage",
          "value": 2.0
        }
      ],
      "mod_types": [
        "Weapon"
      ],
      "stackable": false
    }
  ],
  "carving": {
    "summon_costs": {
      "mana": 1
    }
  }
}