{
  "name": "Doru",
  "sprite": "Doru.png",
  "shape": [
    "X",
    "X",
    "X",
    "X"
  ],
  "flavor": "Wait until the time is right",
  "rarity": "Legendary",
  "type": [
    "Melee",
    "Weapon"
  ],
  "group": [
    "Melee"
  ],
  "supported_characters": [
    "Purse",
    "Satchel",
    "CR8",
    "Pochette"
  ],
  "use_costs": {
    "energy": 2
  },
  "animation": "Attack",
  "combat_effects": [
    {
      "trigger": "onUse",
      "type": "Damage",
      "value": 1.0,
      "target": "enemy"
    }
  ],
  "modifiers": [
    {
      "trigger": "onTurnEnd",
      "effects": [
        {
          "type": "Damage",
          "value": 16.0
        }
      ],
      "length": "forCombat"
    }
  ],
  "item_status_effects": [
    {
      "type": "canBeForged",
      "value": 3,
      "length": "permanent"
    }
  ]
}