{
  "name": "Dreaming Buckler",
  "sprite": "Dreaming Buckler.png",
  "shape": [
    "X"
  ],
  "flavor": "\"Far out!\"",
  "rarity": "Uncommon",
  "type": [
    "Shield",
    "Carving"
  ],
  "supported_characters": [
    "Tote"
  ],
  "use_costs": {
    "energy": 0
  },
  "animation": "Block",
  "movable": {
    "area": "board"
  },
  "combat_effects": [
    {
      "trigger": "onUse",
      "type": "Block",
      "value": 5.0,
      "target": "player"
    }
  ],
  "modifiers": [
    {
      "trigger": "onSummonCarving",
      "trigger_on_type": [
        "Carving"
      ],
      "trigger_area": [
        "adjacent"
      ],
      "effects": [
        {
          "type": "Block",
          "value": 4.0
        }
      ],
      "length": "untilUse"
    },
    {
      "trigger": "onUse",
      "effects": [
        {
          "type": "DiscardCarving",
          "value": 4.0
        }
      ],
      "stackable": false
    }
  ],
  "item_status_effects": [
    {
      "type": "canBeForged",
      "value": 1,
      "length": "permanent"
    }
  ],
  "carving": {
    "summon_costs": {
      "energy": 0
    }
  }
}