{
  "name": "Drum Sticks",
  "sprite": "Drum Sticks.png",
  "shape": [
    "X"
  ],
  "rarity": "Uncommon",
  "type": [
    "Accessory"
  ],
  "group": [
    "Charmer",
    "Pacifist"
  ],
  "supported_characters": [
    "Satchel"
  ],
  "animation": "Attack",
  "modifiers": [
    {
      "trigger": "constant",
      "mod_area": [
        "adjacent"
      ],
      "effects": [
        {
          "type": "Charm",
          "value": 1.0
        }
      ],
      "mod_types": [
        "Drum"
      ],
      "stackable": false
    }
  ]
}