{
  "name": "Drum Kit",
  "sprite": "Drum Kit.png",
  "shape": [
    "XX",
    "XX"
  ],
  "rarity": "Legendary",
  "type": [
    "Drum"
  ],
  "group": [
    "Charmer",
    "Pacifist"
  ],
  "supported_characters": [
    "Satchel"
  ],
  "use_costs": {
    "energy": 2
  },
  "soundeffect": "cymbal",
  "combat_effects": [
    {
      "trigger": "onTurnStart",
      "needs_activation": true,
      "type": "Charm",
      "value": 5.0,
      "target": "allEnemies"
    }
  ],
  "modifiers": [
    {
      "trigger": "onUse",
      "mod_area": [
        "adjacent"
      ],
      "effects": [
        {
          "type": "ItemStatusEffect",
          "item_status_effects": [
            {
              "type": "isActivated",
              "value": 1,
              "length": "combats"
            }
          ]
        }
      ],
      "mod_types": [
        "Drum"
      ],
      "stackable": false
    },
    {
      "trigger": "onUse",
      "effects": [
        {
          "type": "ItemStatusEffect",
          "item_status_effects": [
            {
              "type": "isActivated",
              "value": 1,
              "length": "combats"
            }
          ]
        }
      ],
      "stackable": false
    }
  ]
}