{
  "name": "Dueling Sword",
  "sprite": "Dueling Sword.png",
  "shape": [
    "X",
    "X",
    "X"
  ],
  "rarity": "Rare",
  "type": [
    "Melee",
    "Weapon"
  ],
  "group": [
    "Melee"
  ],
  "supported_characters": [
    "Purse",
    "Satchel",
    "CR8",
    "Pochette"
  ],
  "use_costs": {
    "energy": 1
  },
  "use_limits": {
    "perCombat": 1
  },
  "animation": "Attack",
  "combat_effects": [
    {
      "trigger": "onUse",
      "type": "Damage",
      "value": 25.0,
      "target": "enemy"
    }
  ],
  "modifiers": [
    {
      "trigger": "onTakeDamage",
      "effects": [
        {
          "type": "resetUsesPerCombat"
        }
      ],
      "stackable": false
    }
  ],
  "item_status_effects": [
    {
      "type": "canBeForged",
      "value": 5,
      "length": "permanent"
    }
  ]
}