{
  "name": "Edelwood Branch",
  "sprite": "Edelwood Branch.png",
  "shape": [
    "X",
    "X"
  ],
  "rarity": "Common",
  "type": [
    "Carving",
    "Curse"
  ],
  "supported_characters": [
    "Tote"
  ],
  "movable": {
    "area": "board"
  },
  "combat_effects": [
    {
      "trigger": "onTurnStart",
      "type": "Block",
      "value": 5.0,
      "target": "player"
    },
    {
      "trigger": "onDiscard",
      "type": "GetGold",
      "value": -1.0,
      "target": "player"
    }
  ],
  "item_status_effects": [
    {
      "type": "cantBeSold",
      "value": 0,
      "length": "permanent"
    }
  ],
  "carving": {
    "summon_costs": {
      "energy": 0
    }
  }
}