{
  "name": "Effigy",
  "sprite": "Effigy.png",
  "shape": [
    "X"
  ],
  "rarity": "Rare",
  "type": [
    "Accessory"
  ],
  "supported_characters": [
    "Pochette"
  ],
  "use_costs": {
    "canBeUsedIndirectly": 0
  },
  "modifiers": [
    {
      "trigger": "onUse",
      "effects": [
        {
          "type": "Destroy"
        }
      ],
      "stackable": false
    }
  ],
  "item_status_effects": [
    {
      "type": "effigy",
      "value": 0,
      "length": "permanent"
    }
  ]
}