{
  "name": "Emerald Bracelet",
  "sprite": "Emerald Bracelet.png",
  "shape": [
    "X"
  ],
  "rarity": "Legendary",
  "type": [
    "Accessory"
  ],
  "supported_characters": [
    "Purse",
    "Satchel"
  ],
  "combat_effects": [
    {
      "trigger": "onCombatStart",
      "type": "AP"
    }
  ],
  "modifiers": [
    {
      "trigger": "constant",
      "trigger_on_type": [
        "Curse"
      ],
      "trigger_area": [
        "adjacent"
      ],
      "effects": [
        {
          "type": "AP",
          "value": 1.0
        }
      ]
    }
  ],
  "item_status_effects": [
    {
      "type": "conductive",
      "value": 0,
      "length": "permanent"
    }
  ]
}