{
  "name": "Energy Wand",
  "sprite": "Energy Wand.png",
  "shape": [
    "-X",
    "X-"
  ],
  "flavor": "A wand capable of summoning energy from beyond our realm",
  "rarity": "Legendary",
  "type": [
    "Magic",
    "Wand"
  ],
  "group": [
    "Magic"
  ],
  "supported_characters": [
    "Purse",
    "Satchel"
  ],
  "use_costs": {
    "mana": 3
  },
  "create_effects": [
    {
      "trigger": "onUse",
      "create_type": "set",
      "create_areas": [
        "column"
      ],
      "create_items": [
        {
          "BaseGameReimport": "ETHEREAL ENERGY"
        }
      ],
      "create_rarities": [
        "Common",
        "Uncommon",
        "Rare",
        "Legendary"
      ],
      "description": "Creates Ethereal Energy in this column"
    }
  ],
  "item_status_effects": [
    {
      "type": "conductive",
      "value": 0,
      "length": "permanent"
    }
  ]
}