{
  "name": "Ethereal Whetstone",
  "sprite": "Ethereal Whetstone.png",
  "shape": [
    "X"
  ],
  "rarity": "Legendary",
  "type": [
    "Accessory"
  ],
  "group": [
    "Magic",
    "Berserker"
  ],
  "supported_characters": [
    "Purse",
    "Satchel",
    "CR8",
    "Pochette"
  ],
  "use_costs": {
    "energy": 0
  },
  "modifiers": [
    {
      "trigger": "onUse",
      "mod_area": [
        "column"
      ],
      "effects": [
        {
          "type": "Damage",
          "value": 2.0,
          "math": "mul"
        }
      ],
      "mod_types": [
        "Weapon"
      ],
      "length": "forCombat",
      "stackable": false
    },
    {
      "trigger": "onUse",
      "effects": [
        {
          "type": "Destroy"
        }
      ],
      "stackable": false
    }
  ]
}