{
  "name": "Ethereal Arrow",
  "sprite": "Ethereal Arrow.png",
  "shape": [
    "XX"
  ],
  "rarity": "Rare",
  "type": [
    "Arrow",
    "Weapon"
  ],
  "combat_effects": [
    {
      "trigger": "onUse",
      "type": "Damage",
      "value": 3.0,
      "target": "enemy"
    }
  ],
  "modifiers": [
    {
      "trigger": "constant",
      "trigger_on_type": [
        "GridEmpty"
      ],
      "trigger_area": [
        "rightRotational"
      ],
      "effects": [
        {
          "type": "Damage",
          "value": 3.0
        }
      ]
    },
    {
      "trigger": "onCombatEnd",
      "effects": [
        {
          "type": "Destroy"
        }
      ]
    }
  ],
  "item_status_effects": [
    {
      "type": "projectile",
      "value": 0,
      "length": "permanent"
    }
  ]
}