{
  "name": "Feather Cap",
  "sprite": "Feather Cap.png",
  "shape": [
    "XX"
  ],
  "rarity": "Legendary",
  "type": [
    "Helmet",
    "Armor"
  ],
  "group": [
    "Armored"
  ],
  "supported_characters": [
    "Purse",
    "Satchel",
    "CR8",
    "Pochette"
  ],
  "animation": "Attack",
  "modifiers": [
    {
      "trigger": "constant",
      "trigger_on_type": [
        "Grid"
      ],
      "trigger_area": [
        "bottom"
      ],
      "effects": [
        {
          "type": "Block",
          "value": 2.0
        }
      ]
    }
  ],
  "item_status_effects": [
    {
      "type": "canBeForged",
      "value": 1,
      "length": "permanent"
    }
  ]
}