{
  "name": "Fire Staff",
  "sprite": "Fire Staff.png",
  "shape": [
    "X",
    "X",
    "X"
  ],
  "rarity": "Legendary",
  "type": [
    "Magic",
    "Melee",
    "Wand",
    "Weapon"
  ],
  "group": [
    "Magic",
    "Flame"
  ],
  "supported_characters": [
    "Purse",
    "Satchel",
    "CR8",
    "Pochette"
  ],
  "use_costs": {
    "energy": 1
  },
  "combat_effects": [
    {
      "trigger": "onUse",
      "type": "Burn",
      "value": 2.0,
      "target": "allEnemies"
    },
    {
      "trigger": "onUse",
      "type": "Mana",
      "value": 3.0
    }
  ],
  "item_status_effects": [
    {
      "type": "conductive",
      "value": 0,
      "length": "permanent"
    },
    {
      "type": "canBeForged",
      "value": 1,
      "length": "permanent"
    }
  ]
}