{
  "name": "Flame Axe",
  "sprite": "Flame Axe.png",
  "shape": [
    "XX",
    "X-"
  ],
  "rarity": "Legendary",
  "type": [
    "Melee",
    "Weapon"
  ],
  "group": [
    "Flame"
  ],
  "supported_characters": [
    "Purse",
    "Satchel",
    "CR8",
    "Pochette"
  ],
  "use_costs": {
    "energy": 1
  },
  "animation": "OverheadAttack",
  "combat_effects": [
    {
      "trigger": "onUse",
      "type": "Damage",
      "value": 4.0,
      "target": "enemy"
    },
    {
      "trigger": "onUse",
      "type": "Burn",
      "value": 4.0,
      "target": "enemy"
    }
  ],
  "item_status_effects": [
    {
      "type": "canBeForged",
      "value": 3,
      "length": "permanent"
    }
  ]
}