{
  "name": "Fuel Pellet",
  "sprite": "Fuel Pellet.png",
  "shape": [
    "X"
  ],
  "rarity": "Uncommon",
  "type": [
    "Carving"
  ],
  "supported_characters": [
    "Tote"
  ],
  "movable": {
    "area": "board"
  },
  "modifiers": [
    {
      "trigger": "onSummonCarvingLate",
      "effects": [
        {
          "type": "DiscardCarving"
        }
      ],
      "stackable": false
    },
    {
      "trigger": "onSummonCarving",
      "mod_area": [
        "row"
      ],
      "effects": [
        {
          "type": "resetUsesPerTurn"
        }
      ],
      "stackable": false
    }
  ],
  "item_status_effects": [
    {
      "type": "canBePlayedOverOtherItems",
      "value": 0,
      "length": "permanent"
    }
  ],
  "carving": {
    "summon_costs": {
      "energy": 0
    }
  }
}