{
  "name": "Fuzzy Sock",
  "sprite": "Fuzzy Sock.png",
  "shape": [
    "X"
  ],
  "flavor": "I caught it myself",
  "rarity": "Common",
  "type": [
    "Armor",
    "Accessory",
    "Treat"
  ],
  "supported_characters": [
    "Pochette"
  ],
  "combat_effects": [
    {
      "trigger": "onTurnStart",
      "type": "Block",
      "value": 1.0,
      "target": "player"
    }
  ],
  "item_status_effects": [
    {
      "type": "conductive",
      "value": 0,
      "length": "whileItemIsInInventory"
    }
  ]
}