{
  "name": "Giant Peach",
  "sprite": "Giant Peach.png",
  "shape": [
    "XX",
    "XX"
  ],
  "rarity": "Uncommon",
  "type": [
    "Accessory",
    "Treat"
  ],
  "supported_characters": [
    "Pochette"
  ],
  "modifiers": [
    {
      "trigger": "constant",
      "trigger_on_type": [
        "Consumable"
      ],
      "trigger_area": [
        "adjacent"
      ],
      "effects": [
        {
          "type": "Block",
          "value": 1.0
        }
      ]
    }
  ]
}