{
  "name": "Glove Of Knives",
  "sprite": "Glove Of Knives.png",
  "shape": [
    "X"
  ],
  "flavor": "Try it on for size",
  "rarity": "Uncommon",
  "type": [
    "Glove",
    "Armor",
    "Melee",
    "Weapon"
  ],
  "supported_characters": [
    "Purse",
    "Pochette"
  ],
  "animation": "Attack",
  "combat_effects": [
    {
      "trigger": "onUse",
      "type": "Damage",
      "value": 2.0,
      "target": "allEnemies"
    }
  ],
  "modifiers": [
    {
      "trigger": "onScratch",
      "effects": [
        {
          "type": "Activate"
        }
      ],
      "stackable": false
    }
  ]
}