{
  "name": "Goo",
  "sprite": "Goo.png",
  "shape": [
    "X"
  ],
  "rarity": "Common",
  "type": [
    "Hazard"
  ],
  "use_costs": {
    "energy": 1
  },
  "create_effects": [
    {
      "trigger": "onTurnStart",
      "create_type": "inOpenSpace",
      "create_areas": [
        "adjacent"
      ],
      "create_items": [
        {
          "BaseGameReimport": "GOO"
        }
      ],
      "create_rarities": [
        "Common",
        "Uncommon",
        "Rare",
        "Legendary"
      ],
      "description": "Creates Goo in adjacent spaces"
    }
  ],
  "modifiers": [
    {
      "trigger": "onDestroy",
      "mod_area": [
        "adjacent"
      ],
      "effects": [
        {
          "type": "Destroy"
        }
      ],
      "mod_types": [
        "Hazard"
      ],
      "stackable": false
    },
    {
      "trigger": "onUse",
      "effects": [
        {
          "type": "Destroy"
        }
      ],
      "stackable": false
    }
  ],
  "item_status_effects": [
    {
      "type": "cantBeSold",
      "value": 0,
      "length": "permanent"
    },
    {
      "type": "canBePlayedOverOtherItems",
      "value": 0,
      "length": "permanent"
    }
  ]
}