{
  "name": "Grape Juice",
  "sprite": [
    "Grape Juice_0.png",
    "Grape Juice_1.png"
  ],
  "shape": [
    "X",
    "X"
  ],
  "rarity": "Uncommon",
  "type": [
    "Consumable"
  ],
  "supported_characters": [
    "Tote"
  ],
  "use_costs": {
    "energy": 0
  },
  "use_limits": {
    "total": 2
  },
  "combat_effects": [
    {
      "trigger": "onUse",
      "type": "DrawToteCarvings",
      "value": 2.0
    }
  ],
  "modifiers": [
    {
      "trigger": "onOutOfUses",
      "effects": [
        {
          "type": "Destroy"
        }
      ],
      "stackable": false
    }
  ]
}