{
  "name": "Guitar",
  "sprite": "Guitar.png",
  "shape": [
    "X",
    "X"
  ],
  "rarity": "Rare",
  "type": [
    "Instrument",
    "Weapon"
  ],
  "group": [
    "Charmer",
    "Pacifist"
  ],
  "supported_characters": [
    "Satchel"
  ],
  "use_costs": {
    "energy": 1
  },
  "soundeffect": "guitar",
  "combat_effects": [
    {
      "trigger": "onUse",
      "type": "Damage",
      "value": 4.0,
      "target": "enemy"
    },
    {
      "trigger": "onUse",
      "type": "Charm",
      "value": 5.0,
      "target": "enemy"
    }
  ],
  "item_status_effects": [
    {
      "type": "canBeForged",
      "value": 2,
      "length": "permanent"
    }
  ]
}