{
  "name": "Happy Buckler",
  "sprite": "Happy Buckler.png",
  "shape": [
    "X"
  ],
  "rarity": "Rare",
  "type": [
    "Shield"
  ],
  "supported_characters": [
    "Purse",
    "Satchel",
    "CR8",
    "Pochette"
  ],
  "use_costs": {
    "energy": 1
  },
  "animation": "Block",
  "combat_effects": [
    {
      "trigger": "onUse",
      "type": "Block",
      "value": 5.0,
      "target": "player"
    }
  ],
  "modifiers": [
    {
      "trigger": "onUse",
      "effects": [
        {
          "type": "ItemStatusEffect",
          "value": 1.0,
          "item_status_effects": [
            {
              "type": "AddToEnergyCost",
              "value": 1,
              "length": "combats"
            }
          ]
        }
      ]
    },
    {
      "trigger": "whenAttacked",
      "effects": [
        {
          "type": "ItemStatusEffect",
          "value": -1.0,
          "item_status_effects": [
            {
              "type": "AddToEnergyCost",
              "value": -1,
              "length": "combats"
            }
          ]
        }
      ]
    }
  ],
  "item_status_effects": [
    {
      "type": "canBeForged",
      "value": 1,
      "length": "permanent"
    }
  ]
}