{
  "name": "Heart Of Forest",
  "sprite": "Heart Of Forest.png",
  "shape": [
    "X"
  ],
  "rarity": "Legendary",
  "type": [
    "Consumable",
    "Weapon",
    "Carving"
  ],
  "supported_characters": [
    "Tote"
  ],
  "use_costs": {
    "energy": 0
  },
  "movable": {
    "area": "board"
  },
  "combat_effects": [
    {
      "trigger": "onUse",
      "type": "Damage",
      "value": 5.0,
      "target": "enemy"
    }
  ],
  "create_effects": [
    {
      "trigger": "onSummonCarving",
      "create_type": "inOpenSpace",
      "create_areas": [
        "row"
      ],
      "create_items": [
        {
          "BaseGameReimport": "HEART OF FOREST"
        }
      ],
      "create_rarities": [
        "Common",
        "Uncommon",
        "Rare",
        "Legendary"
      ],
      "description": "Creates copies in each empty space in this row"
    }
  ],
  "modifiers": [
    {
      "trigger": "onUse",
      "effects": [
        {
          "type": "Destroy"
        }
      ],
      "stackable": false
    }
  ],
  "carving": {
    "summon_costs": {
      "energy": 2
    }
  }
}