{
  "name": "Hour Hand",
  "sprite": "Hour Hand.png",
  "shape": [
    "-A",
    "X-"
  ],
  "rarity": "Uncommon",
  "type": [
    "Accessory"
  ],
  "supported_characters": [
    "Purse"
  ],
  "modifiers": [
    {
      "trigger": "constant",
      "mod_area": [
        "ItemEffectArea"
      ],
      "effects": [
        {
          "type": "Damage",
          "value": 3.0
        }
      ],
      "mod_types": [
        "Weapon"
      ],
      "stackable": false,
      "description": "Weapons this points to get /x damage"
    }
  ],
  "movement_effects": [
    {
      "trigger": "onTurnEnd",
      "rotation": -1.0,
      "movement_type": "global",
      "movement_length": "oneSpace"
    }
  ],
  "item_status_effects": [
    {
      "type": "canBeForged",
      "value": 1,
      "length": "permanent"
    }
  ]
}