{
  "name": "Humble Offering",
  "sprite": "Humble Offering.png",
  "shape": [
    "X"
  ],
  "rarity": "Legendary",
  "type": [
    "Relic"
  ],
  "supported_characters": [
    "Purse",
    "Satchel",
    "CR8",
    "Pochette"
  ],
  "animation": "Attack",
  "combat_effects": [
    {
      "trigger": "onTurnStart",
      "type": "AP",
      "value": 1.0
    }
  ],
  "item_status_effects": [
    {
      "type": "pauperRun",
      "value": 0,
      "length": "permanent"
    }
  ]
}