{
  "name": "Key Sword",
  "sprite": "Key Sword.png",
  "shape": [
    "X",
    "X"
  ],
  "flavor": "Unlocks your potential as a warrior!",
  "rarity": "Rare",
  "type": [
    "Key",
    "Melee",
    "Weapon"
  ],
  "group": [
    "Keys"
  ],
  "supported_characters": [
    "Purse",
    "Satchel",
    "CR8",
    "Pochette"
  ],
  "use_costs": {
    "energy": 1
  },
  "animation": "OverheadAttack",
  "combat_effects": [
    {
      "trigger": "onUse",
      "type": "Damage",
      "value": 7.0,
      "target": "enemy"
    }
  ],
  "modifiers": [
    {
      "trigger": "constant",
      "trigger_on_type": [
        "Key"
      ],
      "trigger_area": [
        "adjacent",
        "diagonal"
      ],
      "effects": [
        {
          "type": "Damage",
          "value": 2.0
        }
      ]
    }
  ],
  "item_status_effects": [
    {
      "type": "canBeForged",
      "value": 4,
      "length": "permanent"
    }
  ]
}