{
  "name": "Li'l Buckler",
  "sprite": "Li'l Buckler.png",
  "shape": [
    "X"
  ],
  "flavor": "A little shield with sass and pep!",
  "rarity": "Uncommon",
  "type": [
    "Shield"
  ],
  "group": [
    "Shield"
  ],
  "supported_characters": [
    "Purse",
    "Satchel",
    "CR8",
    "Pochette"
  ],
  "use_costs": {
    "energy": 1
  },
  "animation": "Block",
  "combat_effects": [
    {
      "trigger": "onUse",
      "type": "Block",
      "value": 6.0,
      "target": "player"
    }
  ],
  "item_status_effects": [
    {
      "type": "canBeForged",
      "value": 2,
      "length": "permanent"
    }
  ]
}