{
  "name": "Lightning Ring",
  "sprite": "Lightning Ring.png",
  "shape": [
    "X"
  ],
  "rarity": "Rare",
  "type": [
    "Magic",
    "Ring",
    "Accessory",
    "Weapon"
  ],
  "animation": "Attack",
  "combat_effects": [
    {
      "trigger": "whenManaFlowsThrough",
      "type": "Damage",
      "value": 1.0,
      "target": "enemy"
    }
  ],
  "item_status_effects": [
    {
      "type": "conductive",
      "value": 0,
      "length": "permanent"
    }
  ]
}