{
  "name": "Lucky Carving",
  "sprite": "Lucky Carving.png",
  "shape": [
    "X"
  ],
  "rarity": "Common",
  "type": [
    "Carving"
  ],
  "supported_characters": [
    "Tote"
  ],
  "movable": {
    "area": "board"
  },
  "combat_effects": [
    {
      "trigger": "onSummonCarvingEarly",
      "type": "Luck",
      "value": 4.0,
      "target": "player"
    }
  ],
  "modifiers": [
    {
      "trigger": "onSummonCarving",
      "effects": [
        {
          "type": "BanishCarving"
        }
      ],
      "stackable": false
    }
  ],
  "carving": {
    "summon_costs": {
      "energy": 1
    }
  }
}