{
  "name": "Lute",
  "sprite": "Lute.png",
  "shape": [
    "X",
    "X"
  ],
  "rarity": "Rare",
  "type": [
    "Instrument"
  ],
  "group": [
    "Charmer",
    "Pacifist"
  ],
  "supported_characters": [
    "Satchel"
  ],
  "use_costs": {
    "energy": 0
  },
  "use_limits": {
    "perTurn": 1
  },
  "soundeffect": "guitar",
  "combat_effects": [
    {
      "trigger": "onUse",
      "type": "Charm",
      "value": 4.0,
      "target": "enemy"
    }
  ],
  "modifiers": [
    {
      "trigger": "constant",
      "trigger_on_type": [
        "Instrument"
      ],
      "trigger_area": [
        "inAnotherPocket"
      ],
      "effects": [
        {
          "type": "Charm",
          "value": 1.0
        }
      ]
    }
  ],
  "item_status_effects": [
    {
      "type": "canBeForged",
      "value": 3,
      "length": "permanent"
    }
  ]
}