{
  "name": "Mace",
  "sprite": "Mace.png",
  "shape": [
    "X",
    "X"
  ],
  "rarity": "Rare",
  "type": [
    "Melee",
    "Weapon"
  ],
  "group": [
    "Melee"
  ],
  "supported_characters": [
    "Purse",
    "Satchel",
    "CR8"
  ],
  "use_costs": {
    "energy": 2
  },
  "animation": "Attack",
  "combat_effects": [
    {
      "trigger": "onUse",
      "type": "Damage",
      "value": 16.0,
      "target": "enemy"
    },
    {
      "trigger": "onUse",
      "type": "Slow",
      "value": 2.0,
      "target": "enemy"
    },
    {
      "trigger": "onUse",
      "type": "Weak",
      "value": 2.0,
      "target": "enemy"
    }
  ],
  "item_status_effects": [
    {
      "type": "canBeForged",
      "value": 3,
      "length": "permanent"
    }
  ]
}