{
  "name": "Magician's Blade",
  "sprite": "Magician's Blade.png",
  "shape": [
    "X",
    "X",
    "X"
  ],
  "rarity": "Rare",
  "type": [
    "Magic",
    "Melee",
    "Weapon"
  ],
  "group": [
    "Melee",
    "Magic"
  ],
  "supported_characters": [
    "Purse",
    "Satchel",
    "CR8",
    "Pochette"
  ],
  "use_costs": {
    "energy": 0
  },
  "use_limits": {
    "perTurn": 1
  },
  "animation": "Attack",
  "combat_effects": [
    {
      "trigger": "onUse",
      "type": "Damage",
      "value": 1.0,
      "target": "enemy"
    }
  ],
  "modifiers": [
    {
      "trigger": "whenManaFlowsThrough",
      "effects": [
        {
          "type": "Damage",
          "value": 1.0
        }
      ],
      "length": "forTurn"
    }
  ],
  "item_status_effects": [
    {
      "type": "conductive",
      "value": 0,
      "length": "permanent"
    }
  ]
}