{
  "name": "Magical Herb",
  "sprite": "Magical Herb.png",
  "shape": [
    "X"
  ],
  "rarity": "Common",
  "type": [
    "Magic",
    "Consumable"
  ],
  "group": [
    "Magic"
  ],
  "use_costs": {
    "energy": 0
  },
  "combat_effects": [
    {
      "trigger": "useEarly",
      "type": "Mana",
      "value": 6.0
    }
  ],
  "modifiers": [
    {
      "trigger": "onUse",
      "effects": [
        {
          "type": "Destroy"
        }
      ],
      "stackable": false
    }
  ],
  "item_status_effects": [
    {
      "type": "conductive",
      "value": 0,
      "length": "permanent"
    }
  ]
}