{
  "name": "Malediction",
  "sprite": "Malediction.png",
  "shape": [
    "X"
  ],
  "rarity": "Common",
  "type": [
    "Hazard"
  ],
  "use_costs": {
    "energy": 0
  },
  "combat_effects": [
    {
      "trigger": "onUse",
      "trigger_area": [
        "row"
      ],
      "type": "Poison",
      "value": 1.0,
      "target": "player"
    }
  ],
  "create_effects": [
    {
      "trigger": "onUse",
      "create_type": "inOpenSpaceRandom",
      "create_areas": [
        "adjacent",
        "diagonal"
      ],
      "create_items": [
        {
          "BaseGameReimport": "MALADY"
        }
      ],
      "create_rarities": [
        "Common",
        "Uncommon",
        "Rare",
        "Legendary"
      ],
      "number_of_items": 2,
      "description": "Creates /x maladies in adjacent or diagonal spaces"
    }
  ],
  "modifiers": [
    {
      "trigger": "onUse",
      "effects": [
        {
          "type": "Destroy"
        }
      ],
      "stackable": false
    }
  ],
  "item_status_effects": [
    {
      "type": "cantBeSold",
      "value": 0,
      "length": "permanent"
    },
    {
      "type": "canBePlayedOverOtherItems",
      "value": 0,
      "length": "permanent"
    }
  ]
}