{
  "name": "Mana Sap",
  "sprite": "Mana Sap.png",
  "shape": [
    "X"
  ],
  "rarity": "Uncommon",
  "type": [
    "Carving"
  ],
  "supported_characters": [
    "Tote"
  ],
  "movable": {
    "area": "board"
  },
  "combat_effects": [
    {
      "trigger": "onSummonCarving",
      "type": "Mana",
      "target": "player"
    }
  ],
  "modifiers": [
    {
      "trigger": "constant",
      "trigger_on_type": [
        "ManaStone"
      ],
      "trigger_area": [
        "row"
      ],
      "effects": [
        {
          "type": "Mana",
          "value": 1.0,
          "target": "player"
        }
      ]
    },
    {
      "trigger": "onSummonCarvingLate",
      "effects": [
        {
          "type": "DiscardCarving"
        }
      ],
      "stackable": false
    }
  ],
  "carving": {
    "summon_costs": {
      "energy": 1
    }
  }
}