{
  "name": "Matchbook",
  "sprite": "Matchbook.png",
  "shape": [
    "X"
  ],
  "rarity": "Rare",
  "type": [
    "Accessory"
  ],
  "supported_characters": [
    "Tote"
  ],
  "use_costs": {
    "energy": 0
  },
  "animation": "Attack",
  "combat_effects": [
    {
      "trigger": "onUse",
      "type": "AP"
    }
  ],
  "modifiers": [
    {
      "trigger": "constant",
      "trigger_on_type": [
        "Carving"
      ],
      "trigger_area": [
        "adjacent"
      ],
      "effects": [
        {
          "type": "AP",
          "value": 1.0
        }
      ]
    },
    {
      "trigger": "onUse",
      "mod_area": [
        "adjacent"
      ],
      "effects": [
        {
          "type": "BanishCarving",
          "target": "player"
        }
      ],
      "mod_types": [
        "Carving"
      ]
    }
  ]
}