{
  "name": "Mechanical Gem",
  "sprite": "Mechanical Gem.png",
  "shape": [
    "X"
  ],
  "rarity": "Uncommon",
  "type": [
    "Gem",
    "Accessory"
  ],
  "supported_characters": [
    "CR8"
  ],
  "animation": "Attack",
  "modifiers": [
    {
      "trigger": "onMoveFinish",
      "mod_area": [
        "column"
      ],
      "effects": [
        {
          "type": "Damage",
          "value": 3.0
        }
      ],
      "mod_types": [
        "Weapon"
      ],
      "length": "forTurn"
    }
  ]
}