{
  "name": "Mossy Carving",
  "sprite": "Mossy Carving.png",
  "shape": [
    "X"
  ],
  "rarity": "Common",
  "type": [
    "Consumable",
    "Carving"
  ],
  "supported_characters": [
    "Tote"
  ],
  "use_costs": {
    "energy": 0
  },
  "movable": {
    "area": "board"
  },
  "combat_effects": [
    {
      "trigger": "onUse",
      "type": "HP",
      "value": 5.0,
      "target": "player"
    }
  ],
  "modifiers": [
    {
      "trigger": "onUse",
      "effects": [
        {
          "type": "BanishCarving"
        }
      ],
      "stackable": false
    }
  ],
  "carving": {
    "summon_costs": {
      "energy": 1
    }
  }
}