{
  "name": "Needler",
  "sprite": "Needler.png",
  "shape": [
    "XX",
    "X-"
  ],
  "rarity": "Rare",
  "type": [
    "Melee",
    "Weapon"
  ],
  "group": [
    "Melee",
    "Poison"
  ],
  "supported_characters": [
    "Purse",
    "Satchel",
    "CR8",
    "Pochette"
  ],
  "use_costs": {
    "energy": 1
  },
  "animation": "Attack",
  "combat_effects": [
    {
      "trigger": "onUse",
      "type": "Damage",
      "value": 7.0,
      "target": "enemy"
    },
    {
      "trigger": "onUse",
      "type": "Poison",
      "value": 2.0,
      "target": "enemy"
    }
  ],
  "modifiers": [
    {
      "trigger": "onUse",
      "effects": [
        {
          "type": "Damage",
          "value": -1.0,
          "target": "enemy"
        }
      ],
      "length": "forTurn"
    }
  ],
  "item_status_effects": [
    {
      "type": "canBeForged",
      "value": 4,
      "length": "permanent"
    }
  ]
}