{
  "name": "Ninja Bag",
  "sprite": "Ninja Bag.png",
  "shape": [
    "X"
  ],
  "rarity": "Uncommon",
  "type": [
    "Accessory"
  ],
  "group": [
    "Shuriken"
  ],
  "supported_characters": [
    "Purse",
    "Satchel"
  ],
  "create_effects": [
    {
      "trigger": "onTakeDamage",
      "create_type": "inOpenSpaceByType",
      "create_areas": [
        "adjacent"
      ],
      "create_types": [
        "Shuriken"
      ],
      "create_rarities": [
        "Common",
        "Uncommon",
        "Rare",
        "Legendary"
      ],
      "description": "Creates shurikens in empty adjacent spaces"
    }
  ]
}