{
  "name": "Oak Stump",
  "sprite": "Oak Stump.png",
  "shape": [
    "XX"
  ],
  "rarity": "Common",
  "type": [
    "Shield",
    "Carving"
  ],
  "supported_characters": [
    "Tote"
  ],
  "movable": {
    "area": "board"
  },
  "combat_effects": [
    {
      "trigger": "onSummonCarving",
      "type": "Block",
      "value": 9.0,
      "target": "player"
    }
  ],
  "item_status_effects": [
    {
      "type": "canBeForged",
      "value": 1,
      "length": "permanent"
    }
  ],
  "carving": {
    "summon_costs": {
      "energy": 1
    }
  }
}