{
  "name": "Oboe",
  "sprite": "Oboe.png",
  "shape": [
    "-X",
    "X-",
    "X-"
  ],
  "rarity": "Uncommon",
  "type": [
    "Instrument"
  ],
  "group": [
    "Charmer",
    "Pacifist"
  ],
  "supported_characters": [
    "Satchel"
  ],
  "use_costs": {
    "energy": 1
  },
  "soundeffect": "trumpet",
  "combat_effects": [
    {
      "trigger": "onUse",
      "type": "Charm",
      "value": 9.0,
      "target": "enemy"
    }
  ],
  "modifiers": [
    {
      "trigger": "onUse",
      "effects": [
        {
          "type": "ItemStatusEffect",
          "value": 1.0,
          "item_status_effects": [
            {
              "type": "AddToEnergyCost",
              "value": 1,
              "length": "turns"
            }
          ]
        }
      ],
      "stackable": false
    }
  ],
  "item_status_effects": [
    {
      "type": "canBeForged",
      "value": 3,
      "length": "permanent"
    }
  ]
}