{
  "name": "Ore",
  "sprite": "Ore.png",
  "shape": [
    "X"
  ],
  "rarity": "Legendary",
  "type": [
    "Relic"
  ],
  "supported_characters": [
    "Purse",
    "Satchel",
    "CR8",
    "Pochette"
  ],
  "animation": "Attack",
  "combat_effects": [
    {
      "trigger": "onTurnStart",
      "type": "AP"
    },
    {
      "trigger": "onTakeDamage",
      "type": "GetGold",
      "value": -3.0
    }
  ],
  "modifiers": [
    {
      "trigger": "constant",
      "effects": [
        {
          "type": "AP",
          "value": {
            "replace_with": "gold",
            "multiplier": 0.025
          }
        }
      ],
      "stackable": false
    }
  ]
}