{
  "name": "Organized List",
  "sprite": "Organized List.png",
  "shape": [
    "X"
  ],
  "rarity": "Legendary",
  "type": [
    "Relic"
  ],
  "supported_characters": [
    "Purse"
  ],
  "animation": "Attack",
  "combat_effects": [
    {
      "trigger": "constant",
      "type": "ChangeCostOfReorganize",
      "value": -3.0,
      "target": "player"
    }
  ],
  "modifiers": [
    {
      "trigger": "onReorganize",
      "effects": [
        {
          "type": "ItemStatusEffect",
          "value": 1.0,
          "item_status_effects": [
            {
              "type": "disabled",
              "value": 1,
              "length": "turns"
            }
          ]
        }
      ],
      "stackable": false
    }
  ]
}