{
  "name": "Orksork Ax",
  "sprite": "Orksork Ax.png",
  "shape": [
    "XX",
    "X-"
  ],
  "flavor": "The axe of an elder-god",
  "rarity": "Legendary",
  "type": [
    "Melee",
    "Weapon"
  ],
  "group": [
    "Gold"
  ],
  "supported_characters": [
    "Purse",
    "Satchel",
    "CR8",
    "Pochette"
  ],
  "use_costs": {
    "gold": 1,
    "energy": 1
  },
  "animation": "OverheadAttack",
  "combat_effects": [
    {
      "trigger": "onUse",
      "type": "Damage",
      "value": 11.0,
      "target": "enemy"
    },
    {
      "trigger": "onKillEnemy",
      "type": "GetGold",
      "value": 1.0,
      "target": "player"
    }
  ],
  "modifiers": [
    {
      "trigger": "constant",
      "trigger_area": [
        "adjacent"
      ],
      "effects": [
        {
          "type": "Damage",
          "value": 1.0
        }
      ]
    }
  ],
  "item_status_effects": [
    {
      "type": "canBeForged",
      "value": 3,
      "length": "permanent"
    }
  ]
}