{
  "name": "Overgrown Arrow",
  "sprite": "Overgrown Arrow.png",
  "shape": [],
  "rarity": "Uncommon",
  "type": [
    "Arrow",
    "Weapon",
    "Carving"
  ],
  "supported_characters": [
    "Tote"
  ],
  "use_limits": {
    "perTurn": 2
  },
  "animation": "FireArrow",
  "movable": {
    "area": "board"
  },
  "combat_effects": [
    {
      "trigger": "onUse",
      "type": "Damage",
      "value": 7.0,
      "target": "enemy"
    }
  ],
  "modifiers": [
    {
      "trigger": "constant",
      "trigger_on_type": [
        "GridEmpty"
      ],
      "trigger_area": [
        "rightRotational"
      ],
      "effects": [
        {
          "type": "Damage",
          "value": 5.0
        }
      ]
    },
    {
      "trigger": "onOutOfUses",
      "effects": [
        {
          "type": "DiscardCarving"
        }
      ],
      "stackable": false
    }
  ],
  "item_status_effects": [
    {
      "type": "projectile",
      "value": 0,
      "length": "permanent"
    },
    {
      "type": "canBeForged",
      "value": 1,
      "length": "permanent"
    }
  ],
  "carving": {
    "summon_costs": {
      "energy": 0
    }
  }
}