{
  "name": "Pacifist's Ring",
  "sprite": "Pacifist's Ring.png",
  "shape": [
    "X"
  ],
  "rarity": "Legendary",
  "type": [
    "Ring",
    "Accessory"
  ],
  "group": [
    "Pacifist"
  ],
  "supported_characters": [
    "Purse",
    "Satchel",
    "CR8",
    "Pochette"
  ],
  "animation": "Attack",
  "combat_effects": [
    {
      "trigger": "onTurnStart",
      "type": "AP",
      "value": 1.0
    }
  ],
  "modifiers": [
    {
      "trigger": "onUse",
      "trigger_on_type": [
        "Weapon"
      ],
      "trigger_area": [
        "board"
      ],
      "effects": [
        {
          "type": "Destroy",
          "value": -1.0
        }
      ],
      "stackable": false
    }
  ],
  "item_status_effects": [
    {
      "type": "conductive",
      "value": 0,
      "length": "permanent"
    },
    {
      "type": "canBeForged",
      "value": 2,
      "length": "permanent"
    }
  ]
}