{
  "name": "Pinecone",
  "sprite": "Pinecone.png",
  "shape": [
    "X"
  ],
  "rarity": "Common",
  "type": [
    "Shield",
    "Carving"
  ],
  "group": [
    "Shield"
  ],
  "supported_characters": [
    "Tote"
  ],
  "movable": {
    "area": "board"
  },
  "combat_effects": [
    {
      "trigger": "onSummonCarving",
      "trigger_on_type": [
        "Carving"
      ],
      "trigger_area": [
        "adjacent"
      ],
      "type": "Block",
      "value": 3.0,
      "target": "player"
    }
  ],
  "item_status_effects": [
    {
      "type": "Natural",
      "value": 0,
      "length": "permanent"
    }
  ],
  "carving": {
    "summon_costs": {
      "energy": 0
    }
  }
}