{
  "name": "Popstar's Microphone",
  "sprite": "Popstar's Microphone.png",
  "shape": [
    "X"
  ],
  "rarity": "Legendary",
  "type": [
    "Instrument"
  ],
  "group": [
    "Charmer"
  ],
  "supported_characters": [
    "Satchel"
  ],
  "use_costs": {
    "energy": 1
  },
  "soundeffect": "flute",
  "modifiers": [
    {
      "trigger": "onUse",
      "mod_area": [
        "diagonal"
      ],
      "effects": [
        {
          "type": "Activate"
        }
      ],
      "mod_types": [
        "Instrument"
      ],
      "stackable": false
    }
  ],
  "item_status_effects": [
    {
      "type": "canBeForged",
      "value": 1,
      "length": "permanent"
    }
  ]
}