{
  "name": "Pretty Anklet",
  "sprite": "Pretty Anklet.png",
  "shape": [
    "X"
  ],
  "rarity": "Uncommon",
  "type": [
    "Accessory"
  ],
  "group": [
    "Armored",
    "Shield"
  ],
  "supported_characters": [
    "Purse",
    "Satchel",
    "CR8",
    "Pochette"
  ],
  "animation": "Attack",
  "combat_effects": [
    {
      "trigger": "onKillEnemy",
      "trigger_on_type": [
        "Weapon"
      ],
      "trigger_area": [
        "board"
      ],
      "type": "Haste",
      "value": 3.0,
      "target": "player"
    }
  ]
}