{
  "name": "Rapier",
  "sprite": "Rapier.png",
  "shape": [
    "X",
    "X",
    "X"
  ],
  "flavor": "Live life on the edge",
  "rarity": "Legendary",
  "type": [
    "Melee",
    "Weapon"
  ],
  "group": [
    "Melee",
    "Armored",
    "Shield"
  ],
  "supported_characters": [
    "Purse",
    "Satchel",
    "CR8",
    "Pochette"
  ],
  "use_costs": {
    "energy": 2
  },
  "animation": "Attack",
  "combat_effects": [
    {
      "trigger": "onUse",
      "type": "Damage",
      "value": 8.0,
      "target": "enemy"
    }
  ],
  "modifiers": [
    {
      "trigger": "whenAttacked",
      "effects": [
        {
          "type": "Damage",
          "value": 7.0
        }
      ],
      "length": "untilUse"
    }
  ],
  "item_status_effects": [
    {
      "type": "canBeForged",
      "value": 3,
      "length": "permanent"
    }
  ]
}