{
  "name": "Renewal",
  "sprite": "Renewal.png",
  "shape": [
    "X"
  ],
  "rarity": "Uncommon",
  "type": [
    "Plant",
    "Accessory",
    "Carving"
  ],
  "supported_characters": [
    "Tote"
  ],
  "movable": {
    "area": "board"
  },
  "modifiers": [
    {
      "trigger": "onSummonCarving",
      "mod_area": [
        "adjacent",
        "diagonal"
      ],
      "effects": [
        {
          "type": "Destroy"
        }
      ],
      "mod_types": [
        "Hazard"
      ],
      "stackable": false
    },
    {
      "trigger": "onSummonCarvingLate",
      "effects": [
        {
          "type": "DiscardCarving"
        }
      ],
      "stackable": false
    }
  ],
  "item_status_effects": [
    {
      "type": "canBePlayedOverOtherItems",
      "value": 0,
      "length": "permanent"
    },
    {
      "type": "cannotBeDisabledByHazards",
      "value": 0,
      "length": "permanent"
    }
  ],
  "carving": {
    "summon_costs": {
      "energy": 0
    }
  }
}