{
  "name": "Reversal Amulet",
  "sprite": "Reversal Amulet.png",
  "shape": [
    "X"
  ],
  "rarity": "Common",
  "type": [
    "Accessory"
  ],
  "modifiers": [
    {
      "trigger": "constant",
      "trigger_on_type": [
        "Hazard"
      ],
      "trigger_area": [
        "row"
      ],
      "mod_area": [
        "adjacent"
      ],
      "effects": [
        {
          "type": "Damage",
          "value": 1.0
        }
      ],
      "mod_types": [
        "Weapon"
      ]
    }
  ]
}