{
  "name": "Right Gauntlet",
  "sprite": "Right Gauntlet.png",
  "shape": [
    "X"
  ],
  "rarity": "Rare",
  "type": [
    "Glove",
    "Armor"
  ],
  "group": [
    "Armored"
  ],
  "supported_characters": [
    "Purse",
    "Satchel",
    "CR8",
    "Pochette"
  ],
  "animation": "Attack",
  "combat_effects": [
    {
      "trigger": "onTurnStart",
      "type": "Block",
      "target": "player"
    }
  ],
  "modifiers": [
    {
      "trigger": "constant",
      "trigger_on_type": [
        "Grid"
      ],
      "trigger_area": [
        "left"
      ],
      "effects": [
        {
          "type": "Block",
          "value": 1.0
        }
      ]
    }
  ],
  "item_status_effects": [
    {
      "type": "heavy",
      "value": 0,
      "length": "permanent"
    },
    {
      "type": "canBeForged",
      "value": 2,
      "length": "permanent"
    }
  ]
}