{
  "name": "Ring Of Dreams",
  "sprite": "Ring Of Dreams.png",
  "shape": [
    "X"
  ],
  "rarity": "Legendary",
  "type": [
    "Magic",
    "Ring",
    "Accessory",
    "Carving"
  ],
  "supported_characters": [
    "Tote"
  ],
  "use_costs": {
    "energy": 0
  },
  "movable": {
    "area": "board"
  },
  "combat_effects": [
    {
      "trigger": "onTurnStart",
      "type": "Mana",
      "value": 1.0,
      "target": "player"
    },
    {
      "trigger": "onTurnStart",
      "type": "AP",
      "value": -1.0,
      "target": "player"
    }
  ],
  "modifiers": [
    {
      "trigger": "onUse",
      "effects": [
        {
          "type": "DiscardCarving"
        }
      ],
      "stackable": false
    },
    {
      "trigger": "constant",
      "trigger_on_type": [
        "ManaStone"
      ],
      "trigger_area": [
        "connected"
      ],
      "effects": [
        {
          "type": "Mana",
          "value": 1.0,
          "target": "player"
        }
      ]
    }
  ],
  "item_status_effects": [
    {
      "type": "conductive",
      "value": 0,
      "length": "permanent"
    }
  ],
  "carving": {
    "summon_costs": {
      "energy": 0
    }
  }
}