{
  "name": "Ring Of Rage",
  "sprite": "Ring Of Rage.png",
  "shape": [
    "X"
  ],
  "rarity": "Rare",
  "type": [
    "Magic",
    "Ring",
    "Accessory"
  ],
  "group": [
    "Magic"
  ],
  "supported_characters": [
    "Purse",
    "Satchel",
    "CR8",
    "Pochette"
  ],
  "use_costs": {
    "mana": 1
  },
  "combat_effects": [
    {
      "trigger": "onUse",
      "type": "Rage",
      "value": 1.0,
      "target": "player"
    }
  ],
  "item_status_effects": [
    {
      "type": "conductive",
      "value": 0,
      "length": "permanent"
    },
    {
      "type": "canBeForged",
      "value": 1,
      "length": "permanent"
    }
  ]
}