{
  "name": "Robin's Wand",
  "sprite": "Robin's Wand.png",
  "shape": [
    "-X",
    "X-"
  ],
  "rarity": "Rare",
  "type": [
    "Wand",
    "Weapon"
  ],
  "supported_characters": [
    "Satchel"
  ],
  "use_costs": {
    "mana": 1
  },
  "animation": "Attack",
  "combat_effects": [
    {
      "trigger": "onUse",
      "type": "Damage",
      "value": 3.0,
      "target": "enemy"
    }
  ],
  "modifiers": [
    {
      "trigger": "constant",
      "trigger_on_type": [
        "ManaStone"
      ],
      "trigger_area": [
        "inAnotherPocket"
      ],
      "effects": [
        {
          "type": "Damage",
          "value": 3.0
        }
      ]
    }
  ],
  "item_status_effects": [
    {
      "type": "canBeForged",
      "value": 2,
      "length": "permanent"
    },
    {
      "type": "projectile",
      "value": 0,
      "length": "permanent"
    },
    {
      "type": "conductive",
      "value": 0,
      "length": "permanent"
    }
  ]
}