{
  "name": "Rogue's Mask",
  "sprite": "Rogue's Mask.png",
  "shape": [
    "X"
  ],
  "rarity": "Rare",
  "type": [
    "Helmet",
    "Armor"
  ],
  "group": [
    "Dodger"
  ],
  "supported_characters": [
    "Purse",
    "Satchel",
    "CR8",
    "Pochette"
  ],
  "use_costs": {
    "energy": 0
  },
  "use_limits": {
    "perCombat": 1
  },
  "combat_effects": [
    {
      "trigger": "onUse",
      "type": "Dodge",
      "value": 1.0,
      "target": "player"
    }
  ],
  "modifiers": [
    {
      "trigger": "constant",
      "trigger_on_type": [
        "Grid"
      ],
      "trigger_area": [
        "top"
      ],
      "effects": [
        {
          "type": "ItemStatusEffect",
          "value": -1.0,
          "item_status_effects": [
            {
              "type": "disabled",
              "value": 0,
              "length": "whileActive"
            }
          ]
        }
      ],
      "stackable": false
    }
  ],
  "item_status_effects": [
    {
      "type": "canBeForged",
      "value": 1,
      "length": "permanent"
    }
  ]
}