{
  "name": "Rusty Sword",
  "sprite": "Rusty Sword.png",
  "shape": [
    "X",
    "X"
  ],
  "rarity": "Uncommon",
  "type": [
    "Melee",
    "Weapon"
  ],
  "supported_characters": [
    "Tote"
  ],
  "use_costs": {
    "energy": 0
  },
  "use_limits": {
    "perTurn": 1
  },
  "animation": "Attack",
  "combat_effects": [
    {
      "trigger": "onUse",
      "type": "Damage",
      "value": 3.0,
      "target": "enemy"
    }
  ],
  "modifiers": [
    {
      "trigger": "onUse",
      "trigger_on_type": [
        "Carving"
      ],
      "trigger_area": [
        "board"
      ],
      "effects": [
        {
          "type": "resetUsesPerTurn"
        }
      ],
      "stackable": false
    }
  ],
  "item_status_effects": [
    {
      "type": "canBeForged",
      "value": 1,
      "length": "permanent"
    }
  ]
}