{
  "name": "Sacrificial Dagger",
  "sprite": "Sacrificial Dagger.png",
  "shape": [],
  "rarity": "Uncommon",
  "type": [
    "Melee",
    "Weapon"
  ],
  "supported_characters": [
    "Pochette"
  ],
  "use_costs": {
    "energy": 2
  },
  "animation": "Attack",
  "combat_effects": [
    {
      "trigger": "onUse",
      "type": "Damage",
      "value": 10.0,
      "target": "enemy"
    },
    {
      "trigger": "onKillNonSummonEnemy",
      "type": "RevivePets",
      "value": 1.0,
      "target": "adjacentFriendlies"
    }
  ]
}