{
  "name": "Sai",
  "sprite": "Sai.png",
  "shape": [
    "X",
    "X"
  ],
  "rarity": "Rare",
  "type": [
    "Melee",
    "Weapon"
  ],
  "supported_characters": [
    "Satchel"
  ],
  "use_costs": {
    "energy": 1
  },
  "animation": "Attack",
  "combat_effects": [
    {
      "trigger": "onUse",
      "type": "Damage",
      "value": 4.0,
      "target": "enemy"
    }
  ],
  "modifiers": [
    {
      "trigger": "constant",
      "trigger_on_type": [
        "Shuriken"
      ],
      "trigger_area": [
        "inAnotherPocket"
      ],
      "effects": [
        {
          "type": "Damage",
          "value": 1.0
        }
      ]
    }
  ],
  "item_status_effects": [
    {
      "type": "canBeForged",
      "value": 2,
      "length": "permanent"
    }
  ]
}