{
  "name": "Salami",
  "sprite": "Salami.png",
  "shape": [
    "X"
  ],
  "rarity": "Uncommon",
  "type": [
    "Consumable"
  ],
  "use_costs": {
    "energy": 0
  },
  "combat_effects": [
    {
      "trigger": "onUse",
      "type": "HP",
      "value": 20.0,
      "target": "player"
    },
    {
      "trigger": "onUse",
      "type": "MaxHP",
      "value": -2.0,
      "target": "player"
    }
  ],
  "modifiers": [
    {
      "trigger": "onUse",
      "effects": [
        {
          "type": "Destroy"
        }
      ],
      "stackable": false
    }
  ]
}