{
  "name": "Sapphire",
  "sprite": "Sapphire.png",
  "shape": [
    "X"
  ],
  "rarity": "Common",
  "type": [
    "Gem",
    "Accessory"
  ],
  "supported_characters": [
    "Purse",
    "Satchel",
    "CR8",
    "Pochette"
  ],
  "animation": "Attack",
  "modifiers": [
    {
      "trigger": "constant",
      "mod_area": [
        "adjacent"
      ],
      "effects": [
        {
          "type": "Damage",
          "value": 1.0
        }
      ],
      "mod_types": [
        "Weapon"
      ],
      "stackable": false
    }
  ],
  "item_status_effects": [
    {
      "type": "buoyant",
      "value": 0,
      "length": "permanent"
    }
  ]
}